,DrugName,Average Rating
0,Mirtazapine,7.18019257221458
1,Mesalamine,7.54008438818565
2,Bactrim,6.04395604395604
3,Contrave,6.78106995884774
4,Cyclafem 1 / 35,6.09090909090909
5,Zyclara,7.44117647058824
6,Copper,7.11111111111111
7,Amitriptyline,7.81758957654723
8,Methadone,8.82805429864253
9,Levora,6.08235294117647
10,Paroxetine,7.28604923798359
11,Miconazole,3.00446428571429
12,Belviq,7.95496688741722
13,Seroquel,7.25
14,Ambien,7.37075718015666
15,Nuvigil,7.42666666666667
16,Chantix,8.80510440835267
17,Microgestin Fe 1 / 20,5.84362934362934
18,Klonopin,8.69439421338156
19,Ciprofloxacin,5.50209205020921
20,Trazodone,6.92201257861635
21,EnteraGam,6.55555555555556
22,Aripiprazole,6.50827067669173
23,Cyclosporine,5.875
24,Oxybutynin,6.96244131455399
25,Lurasidone,6.82627118644068
26,Clonazepam,8.52006980802792
27,Ciclopirox,7.34782608695652
28,Sodium oxybate,8.2972972972973
29,Lamotrigine,8.14413265306122
30,Blisovi Fe 1 / 20,3.5625
31,Ivermectin,7.37704918032787
32,Suprep Bowel Prep Kit,7.48451053283767
33,Movantik,4.65925925925926
34,Lorcaserin,7.94961240310078
35,Actos,5.10344827586207
36,Duloxetine,6.61863057324841
37,NuvaRing,6.63075060532688
38,Escitalopram,7.8294218660561
39,Tesamorelin,6.4
40,Campral,9.00819672131148
41,Gabapentin,7.41978798586572
42,Levonorgestrel,7.38458417849899
43,Aubra,5.43636363636364
44,Plan B One-Step,8.68354430379747
45,Ethinyl estradiol / etonogestrel,6.62754491017964
46,Microgestin Fe 1.5 / 30,5.90909090909091
47,Wellbutrin,7.25188916876574
48,Benzoyl peroxide / clindamycin,7.93854748603352
49,Etonogestrel,5.82402171454422
50,Nitrofurantoin,5.03759398496241
51,Ortho Tri-Cyclen Lo,6.47703180212014
52,Tamsulosin,6.32510288065844
53,Tofacitinib,6.13513513513514
54,Cryselle,5.74166666666667
55,Amphetamine / dextroamphetamine,8.07285974499089
56,Clindamycin,6.22156862745098
57,Pramipexole,7.26666666666667
58,Skyla,7.23698884758364
59,Lastacaft,5.55
60,Effexor XR,7.36781609195402
61,Nifedipine,6.70967741935484
62,Afrezza,7.40740740740741
63,Zoloft,7.52025782688766
64,Ziprasidone,5.988
65,Ethinyl estradiol / norethindrone,5.58912869704237
66,Sertraline,7.45289079229122
67,Aluminum chloride hexahydrate,8.98405466970387
68,ParaGard,6.66994106090373
69,Pregabalin,7.09903381642512
70,Ethinyl estradiol / levonorgestrel,5.76308429884139
71,Ultram,6.49246231155779
72,Phentermine,8.77697841726619
73,Venlafaxine,6.84603886397608
74,BuSpar,6.41040462427746
75,Acetaminophen / hydrocodone,8.08454810495627
76,Aviane,6.52616279069768
77,Inderal,7.4
78,Promethazine,8.29775280898877
79,Tioconazole,4.50764525993884
80,Orthovisc,6.77669902912621
81,Implanon,6.17861885790173
82,Marezine,10
83,Minoxidil,6.11842105263158
84,Humira,7.08510638297872
85,"Insulin inhalation, rapid acting",7.58620689655172
86,Phenazopyridine,7.31914893617021
87,Clonidine,7.61209068010076
88,Ethinyl estradiol / norgestimate,5.80215053763441
89,Nicoderm CQ,9.14285714285714
90,Celecoxib,7.50993377483444
91,Fluoxetine,7.65182987141444
92,Topamax,6.53571428571429
93,Depakote,6.4030612244898
94,Riboflavin,5.6
95,Lo Loestrin Fe,6.07439824945295
96,Drospirenone / estradiol,8.1
97,Bupropion,7.47845142439737
98,Bacitracin / neomycin / polymyxin b,8.16666666666667
99,Yaz,6.350622406639
100,Jolessa,5.64150943396226
101,Guaifenesin / pseudoephedrine,6.56983240223464
102,Oxycodone,8.51086956521739
103,Nexplanon,5.64315352697096
104,Brisdelle,6.58620689655172
105,Beyaz,6.83720930232558
106,Yasmin,6.22413793103448
107,Nucynta ER,7.56363636363636
108,Prozac,7.58012820512821
109,Kariva,6
110,Liraglutide,7.9539666993144
111,Sutent,7.64705882352941
112,Tramadol,7.07908611599297
113,Tylenol with Codeine #3,5.20212765957447
114,Magnesium citrate,9.01869158878505
115,Depo-Provera,4.66060606060606
116,Drospirenone / ethinyl estradiol,6.24831081081081
117,Safyral,5.98305084745763
118,Desyrel,6.82352941176471
119,Glyburide,7.85714285714286
120,Aldesleukin,10
121,Desvenlafaxine,7.21383647798742
122,Phentermine / topiramate,7.9412955465587
123,Pristiq,7.22739726027397
124,Acamprosate,8.86713286713287
125,Spironolactone,7.7968253968254
126,Doxylamine / pyridoxine,6.76543209876543
127,Demerol,9.28070175438597
128,Vyvanse,7.69217970049917
129,Sovaldi,7.71794871794872
130,Motrin IB,9.75
131,Valacyclovir,8.94295302013423
132,Buprenorphine / naloxone,8.57990115321252
133,Metoprolol,6.57586206896552
134,Montelukast,5.89387755102041
135,Dextromethorphan,3.87134502923977
136,Levitra,8.09090909090909
137,Restoril,7.71666666666667
138,Azathioprine,6.2
139,Adapalene / benzoyl peroxide,7.45355191256831
140,Linzess,7.26858513189448
141,Levetiracetam,6.41558441558442
142,Ziana,7.35384615384615
143,Suboxone,9.06736842105263
144,Tinidazole,7.56862745098039
145,Diazepam,8.79425837320574
146,Quetiapine,7.36768802228412
147,Acetaminophen / butalbital / caffeine,8.77528089887641
148,Estradiol,6.62258064516129
149,Propofol,8.08333333333333
150,Propranolol,8.52388535031847
151,Levofloxacin,5.30188679245283
152,Vilazodone,6.36576576576577
153,Accutane,8.42176870748299
154,Nalbuphine,7.80769230769231
155,Lexapro,7.912
156,MiraLax,8.49090909090909
157,Phenobarbital,8.13333333333333
158,Tri-Sprintec,5.9560878243513
159,Metronidazole,6.81855840927921
160,Imiquimod,7.27619047619048
161,Caffeine,7.55555555555556
162,Lisinopril,5.3974358974359
163,Benzonatate,4.96715328467153
164,Ayr Saline Nasal,3.2
165,Clarithromycin,5.6030534351145
166,Enbrel,8.19270833333333
167,Polyethylene glycol 3350 with electrolytes,6.97952218430034
168,Restasis,5.625
169,Symbyax,8.48888888888889
170,Tretinoin,7.94294294294294
171,Gleevec,9
172,Ropinirole,6.45959595959596
173,Clomiphene,7.35087719298246
174,Clotrimazole,6.17647058823529
175,Topiramate,6.66413181242079
176,Fluorouracil,7.71910112359551
177,Genvoya,7.96363636363636
178,Tessalon Perles,6.37704918032787
179,Asenapine,7.432
180,Adipex-P,9.00226757369614
181,Prenatal Plus,7.8
182,Keflex,7.48979591836735
183,Vitamin D2,10
184,Flexeril,6.58278145695364
185,Viibryd,6.41015625
186,Lysteda,8.33333333333333
187,Omnicef,6.35
188,Augmentin,5.94713656387665
189,Pentasa,8
190,Zofran,8.52147239263804
191,Kapidex,8.07692307692308
192,Serzone,9.53846153846154
193,Hyoscyamine / methenamine / methylene blue / phenyl salicylate,7.75
194,Diphenhydramine,6.83116883116883
195,Minocycline,6.42702702702703
196,Monistat 3-Day Combination Pack,3.62992125984252
197,Pitocin,10
198,Pyridostigmine,6.96
199,Naprosyn,7.40740740740741
200,Elocon,9.54054054054054
201,Pazopanib,8.33333333333333
202,Denosumab,3.71232876712329
203,Bisacodyl,5.70170454545455
204,Paxil,7.26
205,Methotrexate,7.41975308641975
206,Sprintec,5.93059490084986
207,Buprenex,10
208,Apri,5.71478873239437
209,Benzoyl peroxide / erythromycin,8.55172413793103
210,Qsymia,7.86492890995261
211,Lyrica,6.76285240464345
212,Trintellix,6.17525773195876
213,Oseltamivir,6.88235294117647
214,Seasonique,5.44128113879004
215,Niravam,9.75
216,Celexa,7.51510574018127
217,Codeine / guaifenesin,6.12962962962963
218,Cefuroxime,6.80281690140845
219,Ortho Evra,7.42268041237113
220,Xanax,8.90413223140496
221,Ondansetron,8.2
222,Dulaglutide,5.9933110367893
223,Supartz,5.54545454545455
224,Naproxen,7.05012531328321
225,Alesse,5.63380281690141
226,Orlistat,7.66666666666667
227,Methylprednisolone,7.69756097560976
228,Cymbalta,6.62872154115587
229,Aspirin / carisoprodol,9.15384615384615
230,Canagliflozin,6.19897959183674
231,Nasonex,6.82051282051282
232,Junel Fe 1 / 20,5.09090909090909
233,Kombiglyze XR,5.85714285714286
234,Pegfilgrastim,6.69230769230769
235,Azelaic acid,8.04166666666667
236,Mirena,6.61745367603108
237,Suvorexant,3.68864468864469
238,Lysine,9.12244897959184
239,Nexium,7.96116504854369
240,Citalopram,7.59785932721713
241,Drysol,9.06603773584906
242,Corticotropin,7.38461538461539
243,Meclizine,7.67142857142857
244,Cefdinir,4.34078212290503
245,Methocarbamol,6.31976744186047
246,Azithromycin,7.133608815427
247,Sinemet,7.66666666666667
248,Esomeprazole,8.10434782608696
249,Prednisone,7.74168797953964
250,Fentanyl,8.29874213836478
251,Pseudoephedrine,7.40909090909091
252,Risperidone,6.2638036809816
253,Alpha 1-proteinase inhibitor,10
254,Junel Fe 1.5 / 30,4.62790697674419
255,Divalproex sodium,6.61794019933555
256,Pravastatin,4.68965517241379
257,Vardenafil,8.1984126984127
258,Abilify,6.44350758853288
259,Amlodipine,5.092
260,Carvedilol,6.14736842105263
261,Xyzal,6.22297297297297
262,Budeprion SR,8.28571428571429
263,Rosuvastatin,6.59090909090909
264,Victoza,7.97424892703863
265,Percocet,8.796875
266,Trulicity,5.96539792387543
267,Tranexamic acid,7.76699029126214
268,Paxil CR,7.53125
269,OxyContin,8.62845849802372
270,Chlordiazepoxide,9.10169491525424
271,Olanzapine,6.55555555555556
272,Doxycycline,7.09144893111639
273,CellCept,8.73076923076923
274,Imodium A-D,8.54545454545455
275,Cobicistat / elvitegravir / emtricitabine / tenofovir alafenamide,7.96363636363636
276,Chateal,5.88079470198676
277,Rizatriptan,8.95145631067961
278,Strattera,5.46099290780142
279,Monistat 7-Day Combination Pack,3.82178217821782
280,Cyclobenzaprine,6.45888594164456
281,Ethinyl estradiol / norelgestromin,6.79371316306483
282,Uptravi,4.2
283,Eletriptan,8.72649572649573
284,Isotretinoin,8.36909871244635
285,Rosula,9.5
286,Methyldopa,6.6
287,Fetzima,4.98360655737705
288,Linaclotide,7.30626450116009
289,Arimidex,6
290,Eszopiclone,6.20379146919431
291,Mononessa,6.21311475409836
292,Norethindrone,5.17414721723519
293,Medroxyprogesterone,4.83180428134557
294,Synvisc-One,5.9875
295,Xulane,6
296,Remeron,7.47337278106509
297,Pamelor,7.37037037037037
298,Orphenadrine,7.15151515151515
299,Etanercept,8.24630541871921
300,Bupropion / naltrexone,6.79103282626101
301,Milnacipran,6.7859649122807
302,Acetaminophen / codeine,5.26717557251908
303,Penicillin v potassium,8.35
304,Varenicline,8.79908256880734
305,Advair Diskus,7.46835443037975
306,Cialis,8.64673913043478
307,Tadalafil,8.59619952494062
308,Alprazolam,8.9258064516129
309,Desogestrel / ethinyl estradiol,5.75400291120815
310,Metformin,7.20639534883721
311,Duofilm,10
312,Sprycel,8.30769230769231
313,ella,7.1830985915493
314,Sronyx,5.74576271186441
315,Alcaftadine,5.55
316,Sulfamethoxazole / trimethoprim,5.60085227272727
317,Levothyroxine,6.62433862433862
318,Kineret,8.75
319,Nature-Throid,7.81578947368421
320,Cholestyramine,9.02941176470588
321,Flector Patch,7.66666666666667
322,Prochlorperazine,4.57142857142857
323,Zovia,5.64285714285714
324,Toprol-XL,7.23255813953488
325,Perampanel,5.80952380952381
326,Cozaar,6.46
327,Acetaminophen / dexbrompheniramine / pseudoephedrine,7.25
328,AndroGel,7.58227848101266
329,Avinza,8.25806451612903
330,Ativan,8.24584717607973
331,Atomoxetine,5.47766323024055
332,Oxymorphone,7.88359788359788
333,Saphris,7.50218340611354
334,Mirabegron,5.55905511811024
335,Pramoxine,9.28125
336,Alphagan P,4.33333333333333
337,Phillips' Milk of Magnesia,8.6039603960396
338,Eluxadoline,6.648
339,Terbinafine,7.05777777777778
340,Indomethacin,8.10869565217391
341,Latuda,6.80046403712297
342,Plan B,8.70943396226415
343,Apremilast,5.52820512820513
344,Norco,8.01941747572816
345,Savella,6.75268817204301
346,Vivitrol,8.13095238095238
347,Ortho Cyclen,7.12
348,Advair HFA,9.2
349,Anastrozole,5.39130434782609
350,Xarelto,6.40594059405941
351,Metformin / sitagliptin,5.975
352,Belsomra,3.66037735849057
353,TriNessa,6.23243243243243
354,Prazosin,7.51456310679612
355,Dicyclomine,7.76551724137931
356,Sodium hyaluronate,6.7185628742515
357,Toradol,7.35570469798658
358,Epiduo,7.44948453608247
359,Kyleena,7.60679611650486
360,Levsin SL,9.71428571428571
361,Human papillomavirus vaccine,6.34782608695652
362,Lortab,8.42748091603053
363,Dexmethylphenidate,7.424
364,Catapres,8.15217391304348
365,Harvoni,8.74253731343284
366,Lansoprazole,8.17910447761194
367,Carbidopa / levodopa,7.28571428571429
368,Hydrocodone,5.9504132231405
369,Morphine,7.84285714285714
370,Relistor,7.03030303030303
371,Bevacizumab,8.4
372,Barium sulfate,5.18181818181818
373,Azor,8.62264150943396
374,Azelastine / fluticasone,6.76119402985075
375,Zoster vaccine live,4.4
376,Diltiazem,6.98823529411765
377,Tri-Previfem,5
378,Dapsone,7.3879781420765
379,Bismuth subsalicylate,9
380,Wellbutrin XL,7.65384615384615
381,Carisoprodol,9.1027027027027
382,Olopatadine,7.35593220338983
383,Citric acid / magnesium oxide / sodium picosulfate,6.17117117117117
384,Relpax,8.78260869565217
385,Dalfampridine,8.57692307692308
386,Dilantin,7
387,Leuprolide,6.165
388,Cetirizine,7.06040268456376
389,Macrobid,4.95268138801262
390,Methylphenidate,7.50993377483444
391,Nitroglycerin,8.47826086956522
392,Ritalin,7.56
393,Exubera,10
394,Hydroxychloroquine,7.08333333333333
395,Loestrin 24 Fe,6.03389830508475
396,Enskyce,3.16666666666667
397,Stalevo,6
398,Amerge,9.1
399,Lorazepam,8.33052276559865
400,Lubiprostone,6.37569060773481
401,Simcor,6.75
402,Avonex Pen,9.85714285714286
403,Methadose,9.0625
404,Acetaminophen / oxycodone,8.5077519379845
405,Abacavir / dolutegravir / lamivudine,8.41428571428571
406,Sumatriptan,8.08746355685131
407,Cambia,8.52
408,Tizanidine,6.66836734693878
409,Adderall,8.27106227106227
410,Exalgo,7.96875
411,Guaifenesin,7.59375
412,Ketorolac,7.37885462555066
413,Tegretol,6.8921568627451
414,VESIcare,5.88659793814433
415,Plavix,8.4
416,Vortioxetine,6.12609970674487
417,Atorvastatin,5.04464285714286
418,Dienogest / estradiol,6.67391304347826
419,Roflumilast,7.28205128205128
420,Minastrin 24 Fe,5.10837438423645
421,Diclofenac,7.88006482982172
422,Opana,7.87951807228916
423,Donnatal,9.61904761904762
424,Depakote ER,7.44615384615385
425,Donepezil,5.23255813953488
426,Sofosbuvir,7.5952380952381
427,Monistat 7,2.92045454545455
428,Zolpidem,7.35126582278481
429,Horizant,8.26315789473684
430,Brovana,9.5
431,Dulcolax,5.60826771653543
432,Tylenol PM,6.125
433,Saxenda,7.90811965811966
434,Sulfasalazine,5.74576271186441
435,Nicotine,8.45299145299145
436,Reglan,4.65467625899281
437,Seroquel XR,7.33742331288344
438,Dulera,6.19444444444444
439,Mibelas 24 Fe,2.22222222222222
440,Naltrexone,8.19742489270386
441,Portia,5.76543209876543
442,Temazepam,6.84937238493724
443,Clindamycin / tretinoin,7.4622641509434
444,Meperidine,9.1969696969697
445,Hydroxyzine,6.11764705882353
446,Ethinyl estradiol / norgestrel,5.85427135678392
447,Dapagliflozin,4.93846153846154
448,Myrbetriq,5.77450980392157
449,Hysingla ER,4.17543859649123
450,Propafenone,8.11904761904762
451,Lunesta,6.49132947976879
452,Liletta,6.0625
453,Trimethoprim,3.5
454,Ortho Micronor,6.17073170731707
455,Prevacid,8.76923076923077
456,OnabotulinumtoxinA,6.4703196347032
457,Aptensio XR,6.83333333333333
458,Omeprazole,8.01666666666667
459,Finasteride,5.62025316455696
460,Rapaflo,6.20512820512821
461,Duexis,6.78571428571429
462,Tamiflu,6.83805668016194
463,Rozerem,4.84905660377359
464,Synthroid,6.64705882352941
465,Differin,7.43478260869565
466,Doxepin,6.73542600896861
467,Acetaminophen / dichloralphenazone / isometheptene mucate,8.70967741935484
468,Crestor,6.64556962025316
469,Narcan Injection,8.42857142857143
470,Sildenafil,8.41558441558442
471,Lipitor,5.40425531914894
472,Macrodantin,7.3
473,Intuniv,6.1743119266055
474,Pantoprazole,6.78861788617886
475,Keppra,6.23170731707317
476,Keppra XR,7.57142857142857
477,Acyclovir,8.30656934306569
478,Ledipasvir / sofosbuvir,8.71691176470588
479,MetroCream,5.8
480,Copaxone,7.86868686868687
481,Magnesium sulfate / potassium sulfate / sodium sulfate,7.42891859052248
482,Armodafinil,7.43014705882353
483,Fluconazole,7.08045977011494
484,Tylenol,7
485,Larin Fe 1.5 / 30,3
486,Xiidra,5.51219512195122
487,Levaquin,5.40780141843972
488,Tacrolimus,7.55223880597015
489,Luvox,7.22077922077922
490,Lotrel,6.68421052631579
491,Conjugated estrogens / medroxyprogesterone,5.73333333333333
492,Nortriptyline,7.62691131498471
493,Adderall XR,8.34228187919463
494,Viberzi,6.65322580645161
495,Evolocumab,6.44897959183674
496,Triumeq,8.46376811594203
497,Gabapentin enacarbil,7.70833333333333
498,Glucophage,6.65714285714286
499,Soma,9.18181818181818
500,Antipyrine / benzocaine,10
501,Liothyronine,7.91428571428571
502,Docosanol,5.96744186046512
503,Q-Tapp DM,8
504,Valium,8.98994974874372
505,Effexor,6.17183098591549
506,Efavirenz,6.14285714285714
507,Chlorpheniramine / hydrocodone / pseudoephedrine,10
508,Lutera,6.45035460992908
509,Zoladex,6.625
510,Keytruda,4.5
511,Roxicodone,8.94545454545455
512,Phenergan,8.2375
513,Buspirone,6.30497592295345
514,Empagliflozin / linagliptin,6.9
515,Singulair,6.95419847328244
516,Viagra,8.71518987341772
517,Rituxan,8.0952380952381
518,Jublia,5.66666666666667
519,Fluticasone / vilanterol,6.85483870967742
520,Fentanyl Transdermal System,7.89230769230769
521,Diclegis,6.725
522,Hydromet,8.07407407407407
523,Zipsor,7.57142857142857
524,Milk of Magnesia,8.92857142857143
525,Melatonin,6.87786259541985
526,MoviPrep,7.08
527,Aczone,7.31952662721894
528,Lactulose,8.60975609756098
529,Pioglitazone,5.16129032258065
530,Desloratadine,6.42857142857143
531,Entyvio,4.5
532,Gefitinib,9.57142857142857
533,Meloxicam,7.0462962962963
534,Bronkaid,9.75
535,Niacin,7.44827586206897
536,Paliperidone,6.2043795620438
537,Drospirenone / ethinyl estradiol / levomefolate calcium,6.53807106598985
538,Scopolamine,6.87962962962963
539,Sterapred,9
540,Amoxicillin / clavulanate,5.58962264150943
541,Pentosan polysulfate sodium,7.68253968253968
542,Hydromorphone,8.38857142857143
543,Flurazepam,8.57142857142857
544,Zutripro,10
545,Fluticasone,6.88965517241379
546,Vicodin,8.05833333333333
547,Mirapex,7.67045454545455
548,Mometasone,7.99065420560748
549,Fioricet,8.73770491803279
550,Metoclopramide,4.70673076923077
551,Milk thistle,8.25
552,Lidocaine,4.9922480620155
553,Metaxalone,7.61052631578947
554,Glatiramer,7.78640776699029
555,Tecfidera,7.44827586206897
556,Benzocaine,7.07142857142857
557,Ustekinumab,8.21153846153846
558,Mucinex,7.3
559,Adalimumab,7.12041884816754
560,Tiotropium,6.8955223880597
561,Vascepa,9
562,Lisdexamfetamine,7.73003194888179
563,Naloxegol,4.64492753623188
564,Ixekizumab,7.63333333333333
565,Mirvaso,3.55421686746988
566,Estarylla,3.48760330578512
567,Ortho Tri-Cyclen,5.77777777777778
568,Ramipril,6.83333333333333
569,Aranesp,9
570,Zioptan,9.5
571,Zohydro ER,8.36842105263158
572,Rifaximin,6.96666666666667
573,Hyoscyamine,8.31666666666667
574,Zovirax Cream,7.88235294117647
575,Teriparatide,6.3859649122807
576,Ammonium lactate / halobetasol,10
577,Atenolol,7.41059602649007
578,Testosterone,7.40409207161125
579,Cobicistat / elvitegravir / emtricitabine / tenofovir,9.46753246753247
580,Ethinyl estradiol / ethynodiol,6.01851851851852
581,Embeda,5.51282051282051
582,Duac,7.57407407407407
583,Infliximab,7.63571428571429
584,Deplin,7.59420289855072
585,Penciclovir,9.08333333333333
586,Lupron Depot,6.09259259259259
587,Avelox,6.90070921985816
588,Geodon,5.9375
589,Cogentin,6.83333333333333
590,Mefenamic acid,6.10526315789474
591,Pramosone,8.25
592,Synalar Ointment,7
593,Emsam,8.04166666666667
594,Doryx,7.71186440677966
595,Ranolazine,7.27906976744186
596,Hylenex,10
597,Cosentyx,6.36585365853659
598,Medrox,6
599,Cipro,5.64186046511628
600,Oxcarbazepine,7.88202247191011
601,Tapentadol,6.52559726962457
602,Cytomel,8.11111111111111
603,Gildess Fe 1 / 20,4.65486725663717
604,Terconazole,6.41269841269841
605,Pneumococcal 13-valent vaccine,4
606,Eflornithine,8.12962962962963
607,Etodolac,7.87719298245614
608,Rabeprazole,8.86
609,Librax,9.10526315789474
610,Hydrochlorothiazide,5.74257425742574
611,Pradaxa,7.07142857142857
612,Kava,9
613,Focalin XR,7.95081967213115
614,Levlen,5.35294117647059
615,Femara,6.80952380952381
616,Migranal,7.33333333333333
617,Gianvi,6.22159090909091
618,Flonase,6.82191780821918
619,Stendra,6.13888888888889
620,Dilaudid,8.52272727272727
621,Exenatide,7.29838709677419
622,Risperdal,6.40397350993378
623,Teriflunomide,5.82142857142857
624,Esterified estrogens / methyltestosterone,9.69230769230769
625,Loratadine / pseudoephedrine,6.46666666666667
626,Azithromycin Dose Pack,6.38461538461539
627,Pylera,6.08641975308642
628,Protonix IV,9.75
629,Vraylar,6.68421052631579
630,Adapalene,7.21338912133891
631,Camrese,5.35294117647059
632,GaviLyte-N,5.85714285714286
633,Dimenhydrinate,9.40476190476191
634,Microgestin 1 / 20,6.55172413793104
635,Midazolam,4.97222222222222
636,Moxifloxacin,6.84939759036145
637,Multivitamin with minerals,6
638,Amoxicillin,6.93877551020408
639,Butrans,6.81632653061225
640,Lamictal,8.15056179775281
641,Clomid,7.57777777777778
642,Spiriva,6.81666666666667
643,Requip,6.24444444444444
644,Celebrex,7.60902255639098
645,Nasacort Allergy 24HR,6.125
646,Metformin / saxagliptin,5.85714285714286
647,Bunavail,6.11363636363636
648,Soolantra,7.49315068493151
649,Acetaminophen / aspirin / caffeine,7.5929203539823
650,Halcion,9.15
651,Ramelteon,4.63934426229508
652,Invokana,6.21465968586387
653,Colesevelam,8.51923076923077
654,Fulvestrant,5.66666666666667
655,Natalizumab,7.94736842105263
656,Benicar,7.72619047619048
657,LoSeasonique,5.5
658,Lifitegrast,5.52325581395349
659,Hycodan,8.67857142857143
660,Icosapent,9
661,Azelastine,7.7258064516129
662,Efinaconazole,5.66666666666667
663,Loratadine,5.74509803921569
664,Rexulti,6.60194174757282
665,Sanctura,7.78947368421053
666,Clozapine,8.51851851851852
667,Benadryl Allergy,7.08695652173913
668,Luminal,9
669,Tolterodine,6.52173913043478
670,Benadryl,7.46153846153846
671,Insulin lispro,7.09090909090909
672,Albuterol,4.80555555555556
673,Sucralfate,7.52173913043478
674,Mydayis,4.53333333333333
675,Fluocinolone,9.22222222222222
676,Biotin,5.9
677,Ocella,6.55905511811024
678,Bromfed DM,6.66666666666667
679,Losartan,5.57333333333333
680,Lasix,7.27586206896552
681,Itraconazole,7.65217391304348
682,Methylnaltrexone,7.03030303030303
683,Cutivate,9.25
684,Cyred,4.5
685,Breo Ellipta,6.85483870967742
686,Limbrel,7.375
687,Prilosec,7.76666666666667
688,Talwin Nx,6.46153846153846
689,Concerta,7.14925373134328
690,Praluent,6.72
691,Tarceva,9.03225806451613
692,Farxiga,4.94545454545455
693,Halobetasol,8.54545454545455
694,Biaxin,5.98461538461538
695,Kenalog-40,8.77777777777778
696,Thyroid desiccated,7.79326923076923
697,Naproxen / sumatriptan,8.98901098901099
698,Botox,6.44497607655502
699,Guanfacine,5.83236994219653
700,Vimpat,7.10975609756098
701,Fenofibrate,6.3030303030303
702,E-Z-Gas II,10
703,Intelence,8
704,Chlorpheniramine / hydrocodone,9.19607843137255
705,Ertaczo,10
706,Minipress,7.83333333333333
707,Amethyst,1.5
708,Sensipar,6.71428571428571
709,Lupron,6
710,Furosemide,7.48275862068966
711,Phendimetrazine,8.36290322580645
712,Asacol,7.63265306122449
713,Provigil,7.73793103448276
714,Sulfacetamide sodium,8.6
715,Zoledronic acid,6.28571428571429
716,Claravis,8.4468085106383
717,Cyanocobalamin,8.8
718,Aleve,6.87209302325581
719,Alprostadil,7.73076923076923
720,Flagyl,6.88700564971751
721,Clopidogrel,7.77777777777778
722,Gildess Fe 1.5 / 30,5.18181818181818
723,Astelin,9.58333333333333
724,Atropine / hyoscyamine / phenobarbital / scopolamine,9.24
725,Aldactone,7.93333333333333
726,Altabax,8.22222222222222
727,Seasonale,5.39393939393939
728,Amlodipine / olmesartan,8.62264150943396
729,Invega,5.78082191780822
730,Rituximab,7.90666666666667
731,Delsym,3.375
732,Selegiline,8.39393939393939
733,Fastin,7.33333333333333
734,Larin Fe 1 / 20,2.8
735,Amphetamine,6.53571428571429
736,Buprenorphine,7.24931506849315
737,Fleet Enema,8.84
738,Yuvafem,3
739,Lodine,9.33333333333333
740,Fesoterodine,5.37837837837838
741,Xylometazoline,7.28571428571429
742,Cyproheptadine,8.48854961832061
743,Benzoic acid / salicylic acid,10
744,Adalat CC,7
745,Methylergonovine,9.71428571428571
746,Vistaril,6.00694444444444
747,Chlordiazepoxide / clidinium,9.04255319148936
748,Taytulla,4.36923076923077
749,Zyrtec,7.24509803921569
750,Tysabri,7.98648648648649
751,Hylan g-f 20,6.29661016949153
752,Tussionex Pennkinetic,9.16867469879518
753,Jalyn,5.94444444444444
754,Excedrin Back & Body,8.5
755,Polyethylene glycol 3350,8.43835616438356
756,Phosphorated carbohydrate solution,9.125
757,Lamisil,7.31764705882353
758,Neupro,7.67567567567568
759,Brimonidine / timolol,6.90909090909091
760,Supprelin LA,5.5
761,Miconazole / zinc oxide,10
762,Zubsolv,6.58490566037736
763,Aspirin / butalbital / caffeine,8.69620253164557
764,Senna,5.87931034482759
765,Denavir,9
766,D.H.E. 45,8
767,Beclomethasone,6.23404255319149
768,Neurontin,7.28888888888889
769,Robaxin-750,5.7037037037037
770,Thorazine,8.13793103448276
771,Bydureon,6.98265895953757
772,Meridia,8.14035087719298
773,Fiorinal,8.58620689655172
774,Carbamazepine,6.90948275862069
775,"Multivitamin, prenatal",8.3859649122807
776,Nivolumab,5.07407407407407
777,Hetlioz,10
778,Crisaborole,7.10714285714286
779,Tazorac,7.84615384615385
780,Lomotil,7.92592592592593
781,Oxytrol,7.52727272727273
782,Zaleplon,5.65789473684211
783,Disulfiram,8.56451612903226
784,Loestrin 21 1 / 20,6.15
785,Silodosin,6.03370786516854
786,Fiorinal with Codeine,9.33333333333333
787,Elmiron,7.56666666666667
788,Lithium,7.55833333333333
789,Levophed,8
790,Remicade,7.61538461538462
791,Gilenya,7.36764705882353
792,Reclipsen,5.89705882352941
793,Atripla,9.0989010989011
794,Droperidol,2.33333333333333
795,Trihexyphenidyl,6.64285714285714
796,Estropipate,10
797,Podofilox,7.90909090909091
798,Symbicort,7.58823529411765
799,Xerac AC,9.22222222222222
800,Maxalt-MLT,8.86666666666667
801,Fluticasone / salmeterol,7.67415730337079
802,Propulsid,1
803,Aricept,5.31578947368421
804,Nebivolol,6.76190476190476
805,Simvastatin,5.1566265060241
806,Tradjenta,4.03703703703704
807,Zomig-ZMT,8
808,Colchicine,8.05357142857143
809,Dasatinib,8.47058823529412
810,Ventolin HFA,6.45454545454545
811,Aciphex,9.25581395348837
812,Imipramine,7.14705882352941
813,NoDoz,6.66666666666667
814,Ciprofloxacin / dexamethasone,6.16129032258065
815,TriCor,5.33333333333333
816,Elavil,7.87096774193548
817,Enoxaparin,9.09090909090909
818,Lovastatin,5.76923076923077
819,Next Choice,8.04545454545455
820,Hypercare,8.85922330097087
821,Lithobid,7.375
822,Dextrostat,9.33333333333333
823,Pembrolizumab,4.33333333333333
824,Fluvoxamine,7.09933774834437
825,Panlor DC,9
826,Endocet,7.94871794871795
827,Advil Cold and Sinus,8.23809523809524
828,Ubiquinone,8.77777777777778
829,Avanafil,6.26315789473684
830,Letrozole,6.32584269662921
831,Hiprex,8.875
832,Prialt,3
833,Clomipramine,8.34579439252336
834,Opana ER,7.71428571428571
835,Bonine,8.71428571428571
836,Ambien CR,6.9016393442623
837,Tenex,7.2
838,Zelnorm,9.77272727272727
839,Eligard,7.42857142857143
840,Dymista,6.76119402985075
841,My Way,7.39130434782609
842,Pataday,7
843,Rectiv,7.28571428571429
844,Valproic acid,6.14285714285714
845,Brilinta,4.78947368421053
846,Eucrisa,7.10714285714286
847,Dextroamphetamine,8.671875
848,Cabergoline,8
849,DDAVP Rhinal Tube,10
850,Zyprexa,6.49056603773585
851,Hydrochlorothiazide / lisinopril,6.92307692307692
852,Carac,8.77777777777778
853,Ezetimibe / simvastatin,7.9375
854,Rivaroxaban,6.39252336448598
855,Homatropine / hydrocodone,7.89873417721519
856,Umeclidinium / vilanterol,9.3
857,Gabitril,5
858,Wellbutrin SR,7.05154639175258
859,Avodart,7.45833333333333
860,Prednisolone,5.60714285714286
861,Zonisamide,6.67164179104478
862,Bactrim DS,5.74853801169591
863,Cephalexin,7.05911330049261
864,Hydrea,6.2
865,Ortho D,5
866,Trulance,7.40476190476191
867,Generess Fe,6.89230769230769
868,Naphazoline / pheniramine,7.53846153846154
869,Synvisc,6.58823529411765
870,Testim,6.40229885057471
871,Advil,7.59090909090909
872,Tri-Lo-Sprintec,4.2054794520548
873,Vivarin,8.57142857142857
874,Cariprazine,6.6125
875,Brexpiprazole,6.53333333333333
876,Imuran,6.08695652173913
877,Baclofen,7.34703196347032
878,Mexiletine,6.6
879,Dabigatran,7.08333333333333
880,Silenor,6.97029702970297
881,femhrt,6.5
882,Oramorph SR,6.25
883,Provera,6.13684210526316
884,Correctol,5.82608695652174
885,Celestone,8
886,Benazepril,6.08333333333333
887,Dasabuvir / ombitasvir / paritaprevir / ritonavir,6.5
888,Jardiance,6.70588235294118
889,Ranexa,7.47222222222222
890,Axiron,7.54545454545455
891,Nora-Be,4.95454545454545
892,Radium 223 dichloride,10
893,Hydrochlorothiazide / triamterene,6.11904761904762
894,Frova,9.36111111111111
895,Finacea,8.125
896,Biaxin XL,8.375
897,Eliquis,6.08888888888889
898,Januvia,5.91666666666667
899,Eptifibatide,8
900,Levalbuterol,9.38888888888889
901,Ibrance,6.63157894736842
902,Patanase,8.18181818181818
903,Amitiza,6.37078651685393
904,Creon,6.66666666666667
905,Clobetasol,9.27058823529412
906,Dextromethorphan / guaifenesin,5.90909090909091
907,Indocin SR,7.42857142857143
908,Xolair,8.16049382716049
909,Veltin,7.33333333333333
910,NP Thyroid,6.3
911,Urea,9.625
912,Almotriptan,8.85714285714286
913,Necon 1 / 35,6.41666666666667
914,Nefazodone,8.81818181818182
915,Aclidinium,9.27272727272727
916,Linezolid,8.625
917,Basaglar,4.25
918,Euflexxa,6.73076923076923
919,Bismuth subcitrate potassium / metronidazole / tetracycline,6.14285714285714
920,Solifenacin,5.93333333333333
921,Colazal,6.9
922,Hydroxyurea,6.21428571428571
923,Levocetirizine,6.44642857142857
924,Diflucan,6.74074074074074
925,Debrox,4
926,Estradiol Patch,5.8125
927,Nubain,7.69565217391304
928,Skelaxin,7.93421052631579
929,Ponatinib,3
930,Zarah,6.4
931,Tranxene,9
932,Ranibizumab,7.125
933,Belbuca,3.51020408163265
934,Stelara,8.23762376237624
935,Mucinex DM,5.66666666666667
936,Ultram ER,7.7
937,Chlorzoxazone,6.78571428571429
938,Toviaz,5.37837837837838
939,Oxazepam,8.97560975609756
940,Alfuzosin,5.89130434782609
941,Cenestin,10
942,Haldol,5.65384615384615
943,MetroGel,7.1875
944,Ketamine,6.14285714285714
945,Nucynta,6.31553398058252
946,Zyban,8.82278481012658
947,Solodyn,6.96551724137931
948,Ponstel,6.53333333333333
949,Mestinon,6.13333333333333
950,Galantamine,7.625
951,Orsythia,5.34375
952,Diphenhydramine / naproxen,6.65
953,Allegra,7.48333333333333
954,Simponi Aria,6
955,Loperamide,8.97560975609756
956,Fexofenadine,7.05555555555556
957,Nicotrol Inhaler,8.39130434782609
958,Fluoroplex,9
959,Imitrex,7.96644295302013
960,Micardis,6.04
961,Zithromax,7.64077669902913
962,Ranitidine,7.8
963,Zytiga,9.25
964,Daklinza,9.77777777777778
965,Zovirax,8.46153846153846
966,Daliresp,7.13513513513514
967,Toradol IV / IM,8
968,Casodex,7.83333333333333
969,Sklice,6.91428571428571
970,Tri-Linyah,5.5
971,Dihydroergotamine,7.16666666666667
972,Antabuse,8.86
973,Modafinil,7.82857142857143
974,Bromocriptine,5.94117647058824
975,Amoxicillin / clarithromycin / lansoprazole,7.29508196721311
976,Fleet Phospho Soda,8.66666666666667
977,Pulmicort Turbuhaler,6.75
978,Prograf,8.55
979,Naprelan,9.21428571428571
980,Cinryze,8.25
981,Triazolam,9.10526315789474
982,Anafranil,8.29411764705882
983,Garlic,10
984,Tamoxifen,6.38297872340426
985,Ibuprofen,7.96153846153846
986,Rogaine,5.58823529411765
987,L-methylfolate,7.86813186813187
988,Insulin glargine,6.37878787878788
989,Histrelin,4.66666666666667
990,Armour Thyroid,7.73722627737226
991,Claritin-D,6.58064516129032
992,Adzenys XR-ODT,5.95238095238095
993,Tegaserod,9.77272727272727
994,Ashlyna,4.17391304347826
995,Otezla,5.54255319148936
996,Chlorhexidine,7.8421052631579
997,Atropine / diphenoxylate,8.19512195121951
998,Actemra,8.17647058823529
999,Budesonide / formoterol,7.47115384615385
1000,Tri-Luma,8.79166666666667
1001,Senna Plus,9
1002,Flomax,6.47435897435897
1003,Secobarbital,10
1004,Abreva,5.89268292682927
1005,Triamcinolone,7.62411347517731
1006,Estraderm,5.5
1007,Zenatane,8.44444444444444
1008,Mobic,7.5045871559633
1009,Complera,8.26
1010,Opium,8.94117647058824
1011,Dinoprostone,3.8
1012,Amaryl,7.8
1013,Solu-Medrol,8.5
1014,Polycarbophil,9
1015,Goserelin,6.625
1016,Sulfacetamide sodium / sulfur,8.31707317073171
1017,Phenytoin,7.171875
1018,Omeprazole / sodium bicarbonate,8.18518518518519
1019,Perphenazine,6.86666666666667
1020,Blisovi 24 Fe,2.96666666666667
1021,Avonex,7.44827586206897
1022,Emetrol,9.0952380952381
1023,Esgic,9.66666666666667
1024,Cervidil,3.8
1025,Stribild,9.46753246753247
1026,Lorazepam Intensol,9
1027,Acetaminophen / caffeine / dihydrocodeine,8.3125
1028,St. john's wort,8.63636363636364
1029,Cefixime,7.11111111111111
1030,Moxatag,9
1031,Golimumab,7.05970149253731
1032,Dermal filler,5.45
1033,Glimepiride / rosiglitazone,10
1034,Somnote,8.4
1035,Plaquenil,6.91666666666667
1036,Xanax XR,8.85714285714286
1037,Simponi,7.20689655172414
1038,Flagyl ER,6.66666666666667
1039,Acetaminophen / propoxyphene,7.57534246575342
1040,Interferon beta-1a,7.80952380952381
1041,Efavirenz / emtricitabine / tenofovir,9.10526315789474
1042,Coreg,7.62857142857143
1043,Nasacort,5.82926829268293
1044,Doxylamine,6.86407766990291
1045,Abilify Discmelt,8.33333333333333
1046,Daytrana,8.2741935483871
1047,Bystolic,6.72661870503597
1048,Sunitinib,7.68421052631579
1049,Verapamil,8.18348623853211
1050,Camila,4.34285714285714
1051,Jolivette,5.20238095238095
1052,Lac-Hydrin,10
1053,Oxymetazoline,5.14444444444445
1054,Sine-Off Maximum Strength,10
1055,Acetazolamide,6.80645161290323
1056,Tanzeum,4.63636363636364
1057,Lyza,5.83606557377049
1058,Estring,6.40740740740741
1059,Diprivan,8.89473684210526
1060,Dexlansoprazole,7.20138888888889
1061,Clorazepate,8.84615384615385
1062,Uloric,8.21875
1063,Epinephrine,8.9375
1064,Percodan,6
1065,Allopurinol,7.9375
1066,Norpramin,9.8
1067,Valtrex,9.09313725490196
1068,Cevimeline,7
1069,Mycophenolate mofetil,8.28571428571429
1070,Gardasil,6.18181818181818
1071,Pyrantel,6.8
1072,Mucinex D Maximum Strength,6.33333333333333
1073,Fioricet with Codeine,9.1875
1074,Banzel,10
1075,Tri-Lo-Estarylla,1.25
1076,Dovonex,7
1077,Travoprost,10
1078,Hydrocodone / ibuprofen,8.49230769230769
1079,Pimecrolimus,7.51515151515152
1080,Cosopt,4.75
1081,Chondroitin / glucosamine,6.66666666666667
1082,Edarbyclor,6.90909090909091
1083,Taltz,7.55172413793104
1084,Prolia,3.70769230769231
1085,TobraDex,7.33333333333333
1086,Eyebright,10
1087,Retin-A,8.53191489361702
1088,Minivelle,7.2
1089,Parnate,8.91489361702128
1090,Sacubitril / valsartan,4.85714285714286
1091,Acetaminophen / butalbital / caffeine / codeine,9.22727272727273
1092,Nicorette,7.75
1093,Cyclogyl,4
1094,Doral,9.33333333333333
1095,Stadol,7.71052631578947
1096,Cleocin,5.78571428571429
1097,Levomilnacipran,5.01503759398496
1098,Exforge,6.12820512820513
1099,Jentadueto,7.375
1100,Lidoderm,5.58
1101,Trospium,7.71875
1102,Methylin,8.2
1103,Chlorpheniramine,9
1104,Desquam-X Wash,10
1105,Glimepiride,7.57894736842105
1106,Ansaid,8
1107,Famciclovir,8.55263157894737
1108,Velivet,5.78571428571429
1109,Estradiol / norethindrone,7.16666666666667
1110,Dexilant,7.05405405405405
1111,Zestril,6.44444444444444
1112,Dofetilide,8
1113,Lucentis,7.125
1114,Omalizumab,8.1747572815534
1115,Viorele,4.79411764705882
1116,Tenuate Dospan,9.14285714285714
1117,Sharobel,4.76923076923077
1118,Fosrenol,5.5
1119,Lantus,7.56521739130435
1120,Magnesium hydroxide,8.6890756302521
1121,Vandazole,6.66666666666667
1122,Lacosamide,7.03529411764706
1123,Proctofoam,9.32
1124,Balacet,4.5
1125,Methenamine,8.83333333333333
1126,Aristocort,9.66666666666667
1127,Zomig,7.2
1128,Voltaren Gel,7.99305555555556
1129,Tenuate,9.24
1130,Focalin,6.83333333333333
1131,Tresiba,5.64102564102564
1132,Saliva substitutes,8.11111111111111
1133,Diovan HCT,6.88888888888889
1134,Ethinyl estradiol / folic acid / levonorgestrel,6
1135,Vancomycin,6.875
1136,Asmanex Twisthaler,7.45454545454545
1137,Simply Sleep,5.58333333333333
1138,Transderm-Scop,6.97058823529412
1139,Mephobarbital,9.75
1140,Prilosec OTC,9.33333333333333
1141,Alli,6.41428571428571
1142,Ambrisentan,8
1143,Prepopik,6.17117117117117
1144,Trileptal,7.8448275862069
1145,Lialda,7.37837837837838
1146,Fingolimod,7.41428571428571
1147,Taclonex,7.67647058823529
1148,Acetaminophen / chlorpheniramine / dextromethorphan / pseudoephedrine,2
1149,Makena,6.78723404255319
1150,Isosorbide mononitrate,5.1875
1151,Olmesartan,7.61
1152,Lidex,8.5
1153,Mircette,6.08333333333333
1154,Trental,8.33333333333333
1155,Amlodipine / atorvastatin,6.66666666666667
1156,Treximet,9.01190476190476
1157,Tocilizumab,8.11111111111111
1158,Famvir,8.84615384615385
1159,Zafirlukast,10
1160,Monurol,7
1161,Oracea,8.42105263157895
1162,Detrol,7.3125
1163,Tasigna,7.625
1164,Ferrous sulfate,6.9375
1165,Carbatrol,7.41666666666667
1166,Balsalazide,7.05263157894737
1167,Prostigmin Bromide,10
1168,Tranylcypromine,8.52727272727273
1169,Niaspan,6.08333333333333
1170,Esgic-Plus,9.25
1171,Primidone,6.09433962264151
1172,Edluar,8.875
1173,Cardizem CD,5.16666666666667
1174,Incivek,8.16666666666667
1175,Zepatier,8.82142857142857
1176,Subutex,9.21951219512195
1177,Ciprodex,6.16129032258065
1178,Acetaminophen / tramadol,7.52272727272727
1179,Repatha,6.34883720930233
1180,Imbruvica,6
1181,Treprostinil,7.6
1182,Azacitidine,6.07692307692308
1183,Gold sodium thiomalate,10
1184,Protonix,7.67307692307692
1185,Silvadene,10
1186,Minocin,7.35714285714286
1187,Phenelzine,8.075
1188,Dimetapp Children's Cold & Cough,1
1189,Simbrinza,9.66666666666667
1190,NeutraSal,9.16666666666667
1191,Synjardy,10
1192,Xenical,8.51428571428571
1193,Xyrem,8.28169014084507
1194,Voltaren,8.27433628318584
1195,Tylox,8.92307692307692
1196,Immune globulin intravenous and subcutaneous,8
1197,Inderal LA,6.7
1198,Vaniqa,8.26923076923077
1199,Benlysta,7.83333333333333
1200,Welchol,8.13888888888889
1201,Humulin N,9
1202,Permethrin,6
1203,Enablex,6.31578947368421
1204,Levoxyl,7.21428571428571
1205,Erythromycin,6.96296296296296
1206,Alendronate,2.68965517241379
1207,Delatestryl,9
1208,Desipramine,8.81818181818182
1209,Omega-3 polyunsaturated fatty acids,6.45833333333333
1210,Aveed,5.25
1211,Aspirin / dipyridamole,6.07142857142857
1212,Thiothixene,9.6
1213,Hyaluronan,6.78070175438597
1214,Rocephin,8.58064516129032
1215,Falmina,4.81578947368421
1216,Hydralazine,3.05263157894737
1217,Tarina Fe 1 / 20,5.07692307692308
1218,Epclusa,8
1219,Alclometasone,8.5
1220,Cafergot,8.38461538461539
1221,Amethia,6.36363636363636
1222,Sotalol Hydrochloride AF,7
1223,Exelon,6.35714285714286
1224,Tenormin,7.95
1225,Lybrel,7.35714285714286
1226,Hydrochlorothiazide / losartan,7
1227,Abilify Maintena,8.2
1228,Acetaminophen / dextromethorphan / guaifenesin / pseudoephedrine,10
1229,Insulin glulisine,9.5
1230,Sudafed PE Congestion,10
1231,Valsartan,5.95180722891566
1232,Megestrol,7.5
1233,Vitamin B12,9.18181818181818
1234,Lorzone,6
1235,Avastin,8.22222222222222
1236,MS Contin,8.0253164556962
1237,Acetaminophen / dextromethorphan / pseudoephedrine,8
1238,Sominex,7.05
1239,Daclatasvir,9.77777777777778
1240,Metamucil,7.3125
1241,Lotemax,6.88888888888889
1242,Acetaminophen / butalbital,9.14285714285714
1243,Revlimid,5.71428571428571
1244,Hizentra,6.41666666666667
1245,Sotret,6
1246,Neulasta,6.69230769230769
1247,Nadolol,8.37037037037037
1248,Anoro Ellipta,9.61111111111111
1249,Belimumab,7.83333333333333
1250,Altavera,6
1251,Ritalin-SR,6.66666666666667
1252,Midodrine,7.15789473684211
1253,Inova 4 / 1,8
1254,Zanaflex,7.80487804878049
1255,Tekturna,7.375
1256,Silver,9.33333333333333
1257,Iophen-C NR,8
1258,Necon 1 / 50,5.28571428571429
1259,Pazeo,4.28571428571429
1260,Echinacea,9.2
1261,Depo-Testosterone,9.4
1262,Cataflam,8.93333333333333
1263,Emollients,6.52380952380952
1264,Ovide,10
1265,Psyllium,7.47058823529412
1266,Vagifem,7.27272727272727
1267,Acetylcysteine,8.81818181818182
1268,Granulex,10
1269,Estrace Vaginal Cream,6.6
1270,Arthrotec,8.64705882352941
1271,Dulcolax Laxative,6.44827586206897
1272,Seconal Sodium,10
1273,Hydroquinone,3.2
1274,Salicylic acid,7.66666666666667
1275,Aftera,6.89189189189189
1276,Dexamethasone,6.78787878787879
1277,Librium,9.20588235294118
1278,Interferon beta-1b,7.8
1279,Tofranil,7.5
1280,Amnesteem,7.73076923076923
1281,Zantac 150,7.32
1282,Febuxostat,8.36111111111111
1283,Afrin,4.2
1284,Erlotinib,8.90625
1285,Lactaid Ultra,5
1286,Kadian,8.13953488372093
1287,Serax,8.75
1288,Motrin,8.83333333333333
1289,Atarax,6.52747252747253
1290,Fexofenadine / pseudoephedrine,7.51515151515152
1291,Byetta,8.02898550724638
1292,Senokot,5.52
1293,Marlissa,4.375
1294,Premarin,8.07317073170732
1295,Risedronate,4
1296,Lexiscan,5.22222222222222
1297,Salonpas Pain Patch,5.25
1298,Rivastigmine,6.33333333333333
1299,Telaprevir,8
1300,Orencia,6.91666666666667
1301,Dimethyl fumarate,7.48387096774194
1302,Chloral hydrate,8.05882352941176
1303,Ticagrelor,5.08695652173913
1304,Votrient,8.31914893617021
1305,Cyclophosphamide,8.375
1306,Muse,5.54545454545455
1307,Undecylenic acid,6.75
1308,Dronabinol,8.32432432432432
1309,Lovenox,9
1310,Sulfazine,5
1311,Rotigotine,7.67567567567568
1312,Edex,8.64
1313,Bisoprolol / hydrochlorothiazide,6
1314,Xifaxan,6.95238095238095
1315,Acetaminophen / diphenhydramine,6.96296296296296
1316,Butorphanol,7.6734693877551
1317,Formoterol / mometasone,6.19444444444444
1318,Trifluoperazine,7.90909090909091
1319,Boniva,5.22727272727273
1320,Trimipramine,9
1321,Interferon alfa-2b,4
1322,Rocuronium,5.5
1323,Compazine,3.84905660377358
1324,Tavaborole,4.5
1325,Flecainide,7.91954022988506
1326,Pancrelipase,7.375
1327,Ampyra,8.57692307692308
1328,Tambocor,7.75
1329,Misoprostol,8
1330,Briviact,4.5
1331,Monistat 1-Day or Night Combination Pack,2
1332,Efudex,7.1875
1333,Duragesic,8.32857142857143
1334,Sansert,10
1335,Chlorcyclizine / phenylephrine,8
1336,Retapamulin,8.22222222222222
1337,Uceris,6.4
1338,Levo-Dromoran,7
1339,Hyosyne,7.5
1340,Norvasc,4.90625
1341,Brimonidine,3.42574257425743
1342,Ephedrine,9
1343,Emtricitabine / tenofovir,8.64285714285714
1344,Angeliq,8.1
1345,Prevpac,7.66666666666667
1346,Dexedrine,8.50704225352113
1347,Vicodin ES,8.86666666666667
1348,Ursodiol,8.4
1349,Zelboraf,6.25
1350,Premsyn PMS,9
1351,Ocular lubricant,6.07692307692308
1352,Premphase,7.5
1353,Wart Remover,6
1354,Dupixent,8.14285714285714
1355,Emtricitabine / rilpivirine / tenofovir,8.26
1356,Entocort EC,8.38888888888889
1357,Frovatriptan,9.33333333333333
1358,Biafine,9.875
1359,NovoLog FlexPen,9.66666666666667
1360,Aspirin,8.57692307692308
1361,Tindamax,6.35294117647059
1362,Dramamine,9.33333333333333
1363,Paregoric,9.5
1364,Atovaquone / proguanil,5.91304347826087
1365,Errin,4.725
1366,Asacol HD,8.875
1367,Cheratussin AC,5.46428571428571
1368,Xeljanz,5.87878787878788
1369,Glyburide / metformin,5.33333333333333
1370,Mucinex D,6.47133757961784
1371,Raltegravir,8.61538461538462
1372,Famotidine / ibuprofen,7
1373,Zonegran,7.29268292682927
1374,Clindamax,6.66666666666667
1375,Hyzine,4.5
1376,Fluocinonide,8.41935483870968
1377,Dexbrompheniramine / pseudoephedrine,9.94444444444444
1378,Telmisartan,6.26666666666667
1379,Progesterone,7.18181818181818
1380,Zetia,5.91428571428571
1381,Abacavir / lamivudine,10
1382,Janumet,6
1383,Hydroxyprogesterone,6.78723404255319
1384,Peginterferon alfa-2a,7.07142857142857
1385,Octreotide,8.125
1386,Natazia,6.73809523809524
1387,Low-Ogestrel-21,8.66666666666667
1388,Quinine,8.75
1389,Ciclesonide,7.77272727272727
1390,Alavert D-12 Hour Allergy and Sinus,3
1391,Alrex,6.66666666666667
1392,Betaseron,7.8
1393,Onglyza,6.38461538461539
1394,Latanoprost,6.375
1395,Fanapt,6.66666666666667
1396,GoLYTELY,6.6551724137931
1397,Amoxapine,9.5
1398,Q-Dryl,9
1399,Exforge HCT,9.75
1400,Quasense,5.2
1401,Diovan,6.49090909090909
1402,Atrovent,8.42857142857143
1403,Apomorphine,7.5
1404,Sofosbuvir / velpatasvir,8.03125
1405,Linagliptin,4.41379310344828
1406,Veramyst,8.31578947368421
1407,Micardis HCT,7.45454545454545
1408,Nardil,8.16216216216216
1409,Acetaminophen,7.58974358974359
1410,Dyrenium,8
1411,Monodox,7.86666666666667
1412,Aprepitant,9.91666666666667
1413,Lopressor,7.63636363636364
1414,Benazepril / hydrochlorothiazide,5
1415,Palbociclib,6.63157894736842
1416,Memantine,4.96
1417,Acanya,7.34545454545455
1418,Clindesse,6.71428571428571
1419,Phendiet,8.5
1420,Climara,6.8
1421,Motrin Infant Drops,10
1422,Malarone,5.91304347826087
1423,Chaparral,9.66666666666667
1424,Abiraterone,9.25
1425,Metadate ER,7
1426,Acetaminophen / caffeine,9.5
1427,Ketotifen,9.625
1428,Ibrutinib,6.64285714285714
1429,Orap,7.06666666666667
1430,Benzoyl peroxide / sulfur,10
1431,Empagliflozin,6.7037037037037
1432,Red yeast rice,10
1433,Visine Totality Multi-Symptom Relief,3.3
1434,Amlodipine / benazepril,6.35483870967742
1435,Xylocaine Jelly,10
1436,Ulipristal,7.21333333333333
1437,Xenaderm,10
1438,Avandia,4.33333333333333
1439,Multivitamin,6.36734693877551
1440,Menthol / zinc oxide,8.5
1441,Dificid,6.8
1442,Sodium biphosphate / sodium phosphate,8.57894736842105
1443,Imatinib,9.06451612903226
1444,Bisacodyl / polyethylene glycol 3350 / potassium chloride / sodium bicarbonate / sodium chloride,5
1445,Balsam peru / castor oil / trypsin,10
1446,Sotalol,6.90625
1447,Excedrin,7.05882352941176
1448,Gas-X,8
1449,A / B Otic,10
1450,Betamethasone / calcipotriene,7.28260869565217
1451,Aldara,7.58823529411765
1452,Leflunomide,6.4390243902439
1453,Maxalt,8.89247311827957
1454,Delsym 12 Hour Cough Relief,4.90909090909091
1455,Opsumit,10
1456,Flunisolide,9.25
1457,Gelnique,5.5
1458,Taclonex Scalp,8.75
1459,Metadate CD,7.2
1460,Levemir,6.94117647058824
1461,Subsys,8.58333333333333
1462,Vimovo,8
1463,Univasc,8
1464,Silver sulfadiazine,9.80851063829787
1465,Fortesta,6.91304347826087
1466,Gralise,7.5
1467,Entresto,4.85714285714286
1468,Eovist,5.5
1469,Imdur,5.125
1470,Pyridium,7
1471,Lioresal,6.82352941176471
1472,Zyvox,8.78260869565217
1473,Apixaban,6.05660377358491
1474,Famotidine,6.6
1475,Trilafon,5.66666666666667
1476,Chorionic gonadotropin (hcg),7.66666666666667
1477,Acetaminophen / chlorpheniramine / phenylephrine,6
1478,Tropicamide,2.66666666666667
1479,Sleep Aid,8
1480,Mysoline,9.125
1481,Zenpep,9.66666666666667
1482,Mupirocin,7.65217391304348
1483,Primatene Mist,9.44444444444444
1484,Proventil HFA,9.16666666666667
1485,Prolixin,6.75
1486,Desmopressin,9.47619047619048
1487,Detrol LA,6.66666666666667
1488,Vectical,8.25
1489,Budeprion XL,7.22727272727273
1490,Corlanor,10
1491,Zyrtec-D,9
1492,Clear Eyes Contact Lens Multi-Action Relief,2
1493,Tirosint,7.83673469387755
1494,Propoxyphene,8.14285714285714
1495,DDAVP,9.57142857142857
1496,Diethylpropion,9.19469026548673
1497,Morphine / naltrexone,5.54761904761905
1498,Fluoxetine / olanzapine,8.50980392156863
1499,Loryna,4.98148148148148
1500,Prezcobix,4
1501,Salmeterol,4.5
1502,Sporanox,8.27272727272727
1503,Zyprexa Zydis,6.88235294117647
1504,Vivelle-Dot,7.73913043478261
1505,Zofran ODT,7.55555555555556
1506,Candesartan,5.04761904761905
1507,Lessina,5.23529411764706
1508,Iron sucrose,7.8
1509,Secukinumab,6.31818181818182
1510,Lomaira,8.25
1511,Activella,8.6
1512,Insulin degludec,5.625
1513,Chlorpheniramine / phenylephrine,9.9
1514,Dolophine,9.36842105263158
1515,Demadex,10
1516,Fycompa,6.05
1517,Amlodipine / valsartan,6
1518,Robaxin,6.62222222222222
1519,Dextromethorphan / quinidine,8.61538461538462
1520,Spiriva Respimat,7.4
1521,Atralin,8.25
1522,Goody's Extra-Strength Headache Powders,7.66666666666667
1523,Immune globulin subcutaneous,7.16666666666667
1524,Desogen,6.28
1525,Benicar HCT,7
1526,Zolmitriptan,7.77083333333333
1527,ProAir RespiClick,1.15789473684211
1528,Multaq,6.38888888888889
1529,Klonopin Wafer,9.5
1530,Actifed,7.77777777777778
1531,Apriso,5.88888888888889
1532,Insulin detemir,7.14285714285714
1533,Epoprostenol,8
1534,Visine-A,9
1535,Sitagliptin,5.80597014925373
1536,Ceftriaxone,8.43283582089552
1537,Dexchlorpheniramine,7.75
1538,Bepotastine,7.0625
1539,Bentyl,7.54411764705882
1540,Prempro,5.46153846153846
1541,Camphor / menthol,5.2
1542,Amiodarone,5.75
1543,Serostim,5
1544,Calcipotriene,7.4
1545,Estazolam,9.42857142857143
1546,Ceftin,8.125
1547,Sonata,5.74418604651163
1548,Ketoconazole,7.39393939393939
1549,Zostrix,6.33333333333333
1550,Pulmicort Respules,9
1551,Sorafenib,7
1552,Durezol,6.85714285714286
1553,Myophen,8
1554,Lactobacillus acidophilus,8.56
1555,Pimozide,6.6875
1556,Dupilumab,8.22727272727273
1557,Krystexxa,9.75
1558,Indocin,8.20833333333333
1559,Previfem,5.44
1560,Rogaine Women's,8
1561,Gadoxetate disodium,5.5
1562,Cedax,9.33333333333333
1563,Allerx Dose Pack DF,9.6
1564,Sanctura XR,8.375
1565,Colcrys,7.81818181818182
1566,Seconal,10
1567,Menotropins,10
1568,Calcitriol,7.81818181818182
1569,Cefprozil,5
1570,Codeine / promethazine,7.22727272727273
1571,Digoxin,6.77777777777778
1572,Allegra Allergy,1.66666666666667
1573,Nonoxynol 9,5
1574,Tikosyn,7.94594594594595
1575,Opium Deodorized,9.5
1576,Namenda,4.25
1577,Reclast,6.27027027027027
1578,Ethotoin,1
1579,Pin-X,8.25
1580,Methyl salicylate,5.89473684210526
1581,Regadenoson,5.7
1582,Pirbuterol,8.2
1583,Tivicay,8.27272727272727
1584,Soma Compound,9.3
1585,Naratriptan,8.73333333333333
1586,Phenylephrine,7.41379310344828
1587,Hydrocortisone,7.83720930232558
1588,Cetirizine / pseudoephedrine,9.25
1589,Darbepoetin alfa,9
1590,Letairis,8.77777777777778
1591,Astepro,8.52941176470588
1592,Ruxolitinib,7.66666666666667
1593,Mercaptopurine,5.70588235294118
1594,Azilsartan medoxomil,6.47058823529412
1595,Proventil,7.5
1596,Amrix,7.07317073170732
1597,Analpram-HC,8.2
1598,Rifabutin,3
1599,Livalo,5.80487804878049
1600,Brompheniramine,9.66666666666667
1601,Lo / Ovral,4.90909090909091
1602,Ditropan,4.38888888888889
1603,Amantadine,6.79166666666667
1604,Probenecid,9.66666666666667
1605,Neo-Poly-Dex,5.25
1606,Xopenex,9.45454545454546
1607,Anti-Diarrheal,10
1608,Cimzia,7.27272727272727
1609,Xolegel,8
1610,Chlorpromazine,8.075
1611,Chlorpheniramine / pseudoephedrine,8.66666666666667
1612,Procrit,5.2
1613,GenTeal,6.66666666666667
1614,Desonide,9.125
1615,Rhofade,2.81818181818182
1616,Salicylic acid / sulfur,10
1617,Haloperidol,5.70491803278689
1618,Benzaclin,8.859375
1619,Opcon-A,6.66666666666667
1620,Acidophilus,9.3125
1621,Capsaicin,5.70833333333333
1622,Oraqix,10
1623,Taxotere,4.57142857142857
1624,Forteo,6.31481481481482
1625,Naloxone / pentazocine,7.26315789473684
1626,Advil Liqui-Gels,7.8
1627,Diclofenac / misoprostol,8.35714285714286
1628,Doxazosin,7.37931034482759
1629,Bisoprolol,7.06666666666667
1630,Suprenza,10
1631,Spectracef,3.66666666666667
1632,Panlor SS,8.71428571428571
1633,Glipizide,6.75675675675676
1634,Yohimbine,6
1635,Eltrombopag,9
1636,Cimetidine,8.125
1637,Macitentan,10
1638,Prodrin,8.4
1639,Tums Regular Strength,6.25
1640,Trivora,7.18181818181818
1641,Anakinra,8.85714285714286
1642,Ketoprofen,9.57142857142857
1643,Microgestin 1.5 / 30,8
1644,HalfLytely and Bisacodyl,5
1645,Nortrel 1 / 35,4.95
1646,QNASL,8
1647,Advil Cold and Sinus Liqui-Gels,10
1648,S-adenosylmethionine,7.71428571428571
1649,Alosetron,9.61904761904762
1650,Halofantrine,10
1651,Actonel,3.85714285714286
1652,Ergocalciferol,6.53846153846154
1653,Epsom Salt,10
1654,Flavoxate,8
1655,Evoxac,7.25
1656,Unisom SleepTabs,6.05882352941176
1657,Hydrochlorothiazide / valsartan,6.88888888888889
1658,Nilotinib,7.95454545454545
1659,Chlorambucil,8.66666666666667
1660,Fleet Bisacodyl,7
1661,Budesonide,7.56923076923077
1662,Commit,8.94117647058824
1663,Intron A,1
1664,Synarel,8.5
1665,Tazarotene,8.11764705882353
1666,Pitavastatin,5.80487804878049
1667,Fentora,9.33333333333333
1668,Diamox Sequels,8.2
1669,Nexafed Nasal Decongestant,3.75
1670,Lemtrada,8.75
1671,Stiolto Respimat,7.33333333333333
1672,Vedolizumab,4.33333333333333
1673,Imitrex Nasal,9.5
1674,Regorafenib,5.5
1675,Clobex,9
1676,Periogard,10
1677,Promacta,8.33333333333333
1678,Adcirca,5.4
1679,CitraNatal 90 DHA,7.75
1680,Ultracet,8.29166666666667
1681,Econazole,8.78571428571429
1682,Florastor,9
1683,Ovcon 35,9.14285714285714
1684,Piroxicam,7.55
1685,Acetaminophen / dextromethorphan / guaifenesin / phenylephrine,10
1686,Mono-Linyah,6.125
1687,Rhinocort Aqua,6
1688,Bontril Slow Release,7.62068965517241
1689,Rocaltrol,10
1690,Iloperidone,7.13793103448276
1691,Bepreve,6.86666666666667
1692,Aldactazide,9.5
1693,Herceptin,9.75
1694,Zeasorb-AF,10
1695,Albuterol / ipratropium,6.84615384615385
1696,Aptiom,7
1697,Estradiol / levonorgestrel,4.64705882352941
1698,Methscopolamine,7.5
1699,Acrivastine / pseudoephedrine,10
1700,Penicillin VK,8.125
1701,Clarifoam EF,8.5
1702,Nuedexta,9.08333333333333
1703,Truvada,9.07692307692308
1704,Multivitamin with iron,8.4375
1705,Feldene,7.90909090909091
1706,Suprax,6.28571428571429
1707,Bumetanide,7.6
1708,Take Action,9.5
1709,Irbesartan,5.02083333333333
1710,Pimtrea,5.2
1711,Azilsartan medoxomil / chlorthalidone,6.90909090909091
1712,Lantus Solostar,7.2
1713,Invega Sustenna,6.33333333333333
1714,Naloxone,8.4
1715,Tylenol with Codeine #4,4.42857142857143
1716,Cordarone,5.25
1717,Questran Light,8.66666666666667
1718,Pramoxine / zinc oxide,10
1719,Relafen,7.15384615384615
1720,Tegretol XR,7.63636363636364
1721,Atenolol / chlorthalidone,8.5
1722,Tarka,9.25
1723,Brompheniramine / dextromethorphan / pseudoephedrine,6.16666666666667
1724,Temovate,10
1725,Conjugated estrogens,8.09090909090909
1726,Abatacept,7
1727,Evekeo,7.14285714285714
1728,Provenge,7.5
1729,Roxicet,7.69565217391304
1730,Neosporin,6.5
1731,Certolizumab,7.27272727272727
1732,Hydrochlorothiazide / olmesartan,6.88461538461539
1733,Trolamine salicylate,7.96
1734,Diazepam Intensol,9.83333333333333
1735,Rynatan,9.8
1736,Theophylline,8.11111111111111
1737,Ezetimibe,5.52380952380952
1738,Canasa,8.125
1739,Elbasvir / grazoprevir,8.82142857142857
1740,Amlodipine / hydrochlorothiazide / olmesartan,7.46666666666667
1741,Pseudoephedrine / triprolidine,8
1742,Lidocaine / menthol,10
1743,Selenium sulfide,7.73333333333333
1744,Nystatin,7.47826086956522
1745,Kenalog-10,7.76923076923077
1746,Codeine,8.08333333333333
1747,Limbitrol DS,9.66666666666667
1748,Tetrahydrozoline / zinc sulfate,3.3
1749,Ibuprofen / pseudoephedrine,8.32
1750,Targretin,9.5
1751,Kapvay,7.35294117647059
1752,Botox Cosmetic,6.28571428571429
1753,Magnesium salicylate,9
1754,Methadone Diskets,9.32142857142857
1755,Warfarin,8.11111111111111
1756,Nabumetone,5.88461538461539
1757,Aplenzin,6.66666666666667
1758,Hytrin,7.26666666666667
1759,Rebif,7.25
1760,Oleptro,6.66666666666667
1761,Climara Pro,4.4375
1762,Staxyn,9.04545454545455
1763,Tessalon,7.5
1764,Imitrex Statdose,8.68421052631579
1765,Absorica,6
1766,Foradil Aerolizer,8
1767,BenzEFoam Ultra,10
1768,Crotamiton,9.66666666666667
1769,Gemifloxacin,4.66666666666667
1770,Flovent,6.75
1771,Bicalutamide,8
1772,Natroba,8
1773,Xeljanz XR,8.25
1774,Pilocarpine,9.5
1775,pHisoHex,10
1776,Acetaminophen / phenyltoloxamine,9.4375
1777,Buproban,7
1778,Parlodel,6.7
1779,Diamox,6.8
1780,Gamunex-C,10
1781,Terbutaline,6.125
1782,Gatifloxacin,8.33333333333333
1783,Formoterol,8.5
1784,Prasugrel,7.53846153846154
1785,Microzide,10
1786,Ultram ODT,7.6
1787,Poly Iron,10
1788,Betapace,5
1789,Zocor,5.5
1790,Di-Gel,10
1791,Epoetin alfa,6.14285714285714
1792,Feraheme,10
1793,Lotronex,9.63157894736842
1794,Tretin-X,5
1795,Versed,4.76666666666667
1796,Terazosin,7.29032258064516
1797,Paclitaxel,7.71428571428571
1798,Requip XL,6.4
1799,Gonal-f,10
1800,Pennsaid,8.625
1801,Aubagio,5.77777777777778
1802,Albenza,8
1803,Insulin aspart / insulin degludec,8
1804,Kenalog,8.18181818181818
1805,Eplerenone,8.25
1806,Vicoprofen,8.30769230769231
1807,Albiglutide,4.63636363636364
1808,Nexavar,6.875
1809,Ortho-Cept,7
1810,Pamabrom,6
1811,Aspirin / caffeine / orphenadrine,8.27272727272727
1812,Ryzolt,7.18181818181818
1813,Jencycla,5.66666666666667
1814,Xalkori,9.33333333333333
1815,Dexamethasone / neomycin / polymyxin b,6.83333333333333
1816,Loteprednol / tobramycin,8.4
1817,Eribulin,9.5
1818,Equetro,5
1819,Docusate / senna,8.45454545454546
1820,Coartem,9.66666666666667
1821,Evista,5.5
1822,Ibandronate,5.17857142857143
1823,Sumavel DosePro,8.4390243902439
1824,Follicle stimulating hormone,10
1825,FreshKote,9.625
1826,Heme iron polypeptide,7.66666666666667
1827,Chlorpheniramine / dextromethorphan / pseudoephedrine,9.8
1828,Cloderm,9.8
1829,Ipratropium,8.64285714285714
1830,Albendazole,8.6
1831,Betamethasone,9
1832,Carafate,6.91304347826087
1833,Pamine Forte,6
1834,Phenol,4.33333333333333
1835,Magnesium oxide,8.61538461538462
1836,Megace,7.44444444444444
1837,Azilect,6.66666666666667
1838,Darvon,7.57142857142857
1839,Pegasys,6.4
1840,Adenosine,7.83333333333333
1841,Metolazone,8
1842,Privine,10
1843,Plecanatide,7.40476190476191
1844,R-Tanna,10
1845,Evamist,8.33333333333333
1846,Aflibercept,7.09090909090909
1847,Sitavig,8.57142857142857
1848,Lomedia 24 Fe,4.5
1849,Trusopt,8.5
1850,Chromium picolinate,9.3
1851,Parathyroid hormone,8
1852,Flolan,8
1853,Thioridazine,9
1854,Flurandrenolide,9.75
1855,MetroGel-Vaginal,6.375
1856,Sorbitol,9
1857,Calcium carbonate,7.07692307692308
1858,Prenatabs FA,10
1859,Nyamyc,10
1860,Pepto-Bismol,8.90909090909091
1861,Bextra,9.75
1862,Addyi,5.25
1863,Cortisporin Otic,1
1864,Desoxyn,9.66666666666667
1865,Clobazam,7
1866,Fenoprofen,8.5
1867,Desoximetasone,8.47368421052632
1868,Dextromethorphan / guaifenesin / phenylephrine,5.5
1869,Fluorometholone,7.5
1870,Ammonium lactate,9
1871,Polymyxin b / trimethoprim,5.16666666666667
1872,Sustiva,5.8
1873,Nicotrol NS,5
1874,Exparel,10
1875,Uricalm,7.44444444444444
1876,Valerian,4
1877,VisRx Dose Pack,9.5
1878,Naphazoline,9.23076923076923
1879,Dobutamine,1
1880,Tolnaftate,7.66666666666667
1881,Avapro,5.25925925925926
1882,Benzphetamine,8
1883,Sancuso,9.4
1884,Protopic,7.33333333333333
1885,Firazyr,6.25
1886,Zinc oxide,9.6
1887,Uribel,5.81818181818182
1888,Qvar,5.76470588235294
1889,Zymar,8.2
1890,Combivent,8.76923076923077
1891,Trilipix,4.9375
1892,Incruse Ellipta,4
1893,Insulin isophane,9.25
1894,Amitriptyline / perphenazine,9.5
1895,OsmoPrep,6.83333333333333
1896,Balziva,6.5
1897,Tobramycin,9.4
1898,Orudis KT,9.75
1899,Deblitane,4.5
1900,Norflex,7.14285714285714
1901,EpiCeram,7.64285714285714
1902,Siliq,10
1903,Azo-Standard,8.36363636363636
1904,Codimal DM,10
1905,Fulvicin U / F,10
1906,Fluocinolone / hydroquinone / tretinoin,8.81632653061224
1907,Calci-Chew,8
1908,Norpace,8
1909,Crizotinib,9.5
1910,Evzio,10
1911,Rebif Rebidose,8.5
1912,Collagenase Santyl,7
1913,Anacin,10
1914,Zaroxolyn,8
1915,GlipiZIDE XL,6.33333333333333
1916,Dronedarone,5.875
1917,Loxapine,6
1918,Derma-Smoothe / FS (Scalp),10
1919,Gemfibrozil,6.78571428571429
1920,Invega Trinza,7.6
1921,Clarinex,6.8
1922,Systane,2.09090909090909
1923,Dolutegravir,8
1924,Necon 7 / 7 / 7,6
1925,GaviLyte-G,8.58333333333333
1926,Cartia XT,7.86666666666667
1927,Humulin R U-500 (Concentrated),10
1928,Sebulex,10
1929,Fidaxomicin,7.33333333333333
1930,Repaglinide,9.14285714285714
1931,Toujeo,4.4
1932,Methergine,9.66666666666667
1933,Romiplostim,9.5
1934,Atovaquone,5.5
1935,Bazedoxifene / conjugated estrogens,8.5
1936,Esomeprazole / naproxen,7.4
1937,Clozaril,9
1938,Sarafem,8.72222222222222
1939,Florinef Acetate,10
1940,Insulin regular,9.66666666666667
1941,Nystatin / triamcinolone,9.875
1942,Cosopt PF,7
1943,Hydrocortisone / pramoxine,8.45
1944,Fenofibric acid,5.1
1945,Bactroban,7.9375
1946,Vestura,4.6
1947,Orapred,8.5
1948,Toujeo Solostar,6
1949,Zovia 1 / 50,10
1950,Bensal HP,10
1951,Chlorpheniramine / dextromethorphan,4.66666666666667
1952,Quinapril,5.6
1953,Deconamine,10
1954,Intal,7
1955,Vidaza,6.4
1956,Tranxene SD,10
1957,Ferric citrate,5.5
1958,Aerobid,10
1959,Alirocumab,6.5
1960,Amitriptyline / chlordiazepoxide,9.625
1961,Stromectol,8.33333333333333
1962,Loestrin Fe 1 / 20,4.22222222222222
1963,TussiCaps,9.8
1964,Vicks Sinex Nasal Spray (old formulation),6.66666666666667
1965,Isoniazid,6.27272727272727
1966,Onfi,5.5
1967,Nimotop,10
1968,Mycolog II,10
1969,Trimethobenzamide,8.16666666666667
1970,Ospemifene,7.11111111111111
1971,Acetaminophen / aspirin / caffeine / salicylamide,8.8
1972,Exemestane,4.64102564102564
1973,Elestrin,8.75
1974,Lenalidomide,5.71428571428571
1975,Urispas,6.5
1976,Prevnar 13,4.4
1977,Uristat,9
1978,Doxy 100,7.5625
1979,Allegra-D 24 Hour,7.57142857142857
1980,Lidocaine / prilocaine,8.5
1981,Zometa,6.70588235294118
1982,Psoriasin,8.14285714285714
1983,Metozolv ODT,5
1984,Glucophage XR,8.5
1985,Dexamethasone Intensol,6.33333333333333
1986,Tetracycline,7.80952380952381
1987,Volumen,4
1988,Loprox,9
1989,Angiomax,10
1990,Acetaminophen / pamabrom,9
1991,Neupogen,10
1992,Ortho-Novum 7 / 7 / 7,8.27272727272727
1993,Timolol,7.8
1994,Vytorin,7.9375
1995,Lindane,3
1996,Bayer Aspirin,6.5
1997,Kalbitor,10
1998,Tudorza Pressair,9.27272727272727
1999,Habitrol,8.16666666666667
2000,Cefpodoxime,7.8
2001,Xtampza ER,5.4
2002,Gentamicin,10
2003,Amcinonide,10
2004,Sildec-PE DM,9.5
2005,Eslicarbazepine,7
2006,Aspirin / meprobamate,10
2007,Drixoral Cold and Allergy,9.95652173913044
2008,Noritate,10
2009,Ortho-Novum 1 / 35,7.88888888888889
2010,Caverject,9.25
2011,Penicillin g benzathine,9.25
2012,Duavee,8.5
2013,Mefloquine,5
2014,ProAir HFA,6
2015,Dyanavel XR,6
2016,"Influenza virus vaccine, inactivated",6.66666666666667
2017,Prascion RA,10
2018,Cardizem,7.8
2019,Moderiba,8
2020,Levsin,6.8
2021,Tigan,6.33333333333333
2022,Magnesium amino acids chelate,10
2023,Voltaren-XR,9.5
2024,NuOx,10
2025,Oxistat,9
2026,Altace,7.66666666666667
2027,Excedrin PM,7.8
2028,DynaCirc CR,5
2029,Lo / Ovral-28,6.25
2030,Lesinurad,10
2031,Alvesco,7.92307692307692
2032,Darifenacin,6.31578947368421
2033,Klor-Con,7
2034,Glycerin,8.14285714285714
2035,Tekturna HCT,8.5
2036,Potassium chloride,7.18181818181818
2037,Malathion,9.2
2038,Ginseng,4.5
2039,Edecrin,8
2040,Gabarone,4.5
2041,Ziac,6.14285714285714
2042,Levorphanol,8.45454545454546
2043,Racepinephrine,7.8
2044,Mucinex Fast-Max Severe Congestion & Cough,5.5
2045,B & O Supprettes,10
2046,Aromasin,5.38461538461539
2047,Bupivacaine liposome,10
2048,Artane,6.14285714285714
2049,Slow Fe,7.33333333333333
2050,Gamunex,8.66666666666667
2051,Valturna,5.75
2052,Choline salicylate / magnesium salicylate,7
2053,Dalmane,8.72727272727273
2054,Vitamin D3,4
2055,Tri-Estarylla,4.09090909090909
2056,Edarbi,6.35714285714286
2057,Lactic acid,10
2058,Felodipine,7.57142857142857
2059,Enalapril,6
2060,Mestranol / norethindrone,5.625
2061,Hydrocortisone / neomycin / polymyxin b,3.76923076923077
2062,Gentian violet,8
2063,TheraTears,9.5
2064,Inapsine,2.33333333333333
2065,Marinol,8.71428571428571
2066,Magnesium aspartate,7
2067,MG217 Medicated Tar,9
2068,Rytary,4.36363636363636
2069,Tolectin DS,9
2070,Orudis,8.5
2071,Nystop,5.5
2072,Aggrenox,6.07142857142857
2073,Tenofovir,8.2
2074,Disalcid,9
2075,Ferrous fumarate / iron polysaccharide,10
2076,Metaproterenol,9.5
2077,Dutasteride,7.53846153846154
2078,Iressa,9.57142857142857
2079,Chlorpheniramine / dextromethorphan / phenylephrine,8.33333333333333
2080,Doans Pills Extra Strength,8
2081,Saccharomyces boulardii lyo,8.42857142857143
2082,Vitafol Ultra,6.5
2083,Atrovent Nasal,10
2084,Quillivant XR,5.35714285714286
2085,Zanamivir,7
2086,Dutasteride / tamsulosin,6.05263157894737
2087,Diflorasone,9.66666666666667
2088,Magnesium sulfate,5.5
2089,Claritin-D 12 Hour,5
2090,Lupron Depot-PED,6.46153846153846
2091,Carbamide peroxide,3.25
2092,Hyoscyamine / methenamine / methylene blue / phenyl salicylate / sodium biphosphate,6.16666666666667
2093,Difluprednate,6.85714285714286
2094,Dextromethorphan / guaifenesin / pseudoephedrine,9.33333333333333
2095,Nizatidine,9.66666666666667
2096,Condylox,7.33333333333333
2097,Travatan,10
2098,Sandostatin LAR Depot,9
2099,Icatibant,6.25
2100,Collagenase clostridium histolyticum,5
2101,Cardura XL,7.33333333333333
2102,Medrol Dosepak,8.53846153846154
2103,Oxaydo,3.33333333333333
2104,Amlodipine / telmisartan,8.83333333333333
2105,Combivir,7.33333333333333
2106,Berinert,10
2107,Benzoyl peroxide,8.62962962962963
2108,Adipost,9
2109,Perindopril,6.4
2110,Vibramycin,7
2111,Tryptophan,8.42857142857143
2112,Axert,8.88
2113,Augmentin XR,9.66666666666667
2114,Cisapride,1
2115,Coricidin HBP Cough & Cold,4.5
2116,Robitussin Cough + Chest Congestion DM,9.5
2117,Meningococcal conjugate vaccine,1
2118,Acetaminophen / aspirin,8.5
2119,Tinzaparin,8.5
2120,Triptorelin,5.75
2121,Dallergy,8
2122,Methamphetamine,8.83870967741935
2123,Fludrocortisone,8.06666666666667
2124,Chondroitin / glucosamine / methylsulfonylmethane,6.33333333333333
2125,Relenza,7
2126,Prevalite,8
2127,Insulin aspart,6.81818181818182
2128,Nafcillin,9
2129,Arformoterol,9.5
2130,SMZ-TMP DS,4.63157894736842
2131,Acnex,10
2132,Onexton,8.5
2133,Ginger,10
2134,Doripenem,10
2135,Lidocaine Viscous,6.5
2136,Felbamate,8.33333333333333
2137,DesOwen,9.4
2138,Ethmozine,10
2139,Epogen,8.5
2140,Depo-Provera Contraceptive,4.71428571428571
2141,Mepolizumab,6.4
2142,Ilevro,6.66666666666667
2143,Acetaminophen / chlorpheniramine,7.66666666666667
2144,Prolensa,7.5
2145,Revatio,6.125
2146,Hydrochlorothiazide / telmisartan,7.84615384615385
2147,Acetaminophen / caffeine / isometheptene mucate,8.75
2148,Viread,7.875
2149,Maxaron Forte,6.33333333333333
2150,Premarin Vaginal,7.4
2151,Hexachlorophene,7
2152,Vigamox,6.46153846153846
2153,Sevelamer,5.375
2154,Stelazine,8
2155,Guaifenesin / phenylephrine,9.33333333333333
2156,Magaldrate / simethicone,10
2157,Fluphenazine,6.75
2158,Vanoxide-HC,10
2159,Nimodipine,9.33333333333333
2160,Selsun Blue,5.5
2161,Nizoral,7
2162,Aspirin / oxycodone,5
2163,Zarontin,9.4
2164,Cefzil,6
2165,Sucroferric oxyhydroxide,4
2166,Systane Ultra,3.8
2167,Salagen,9.5
2168,Sprix,8.18181818181818
2169,Ogestrel-28,5.5
2170,Lariam,4.85714285714286
2171,Coumadin,8.57142857142857
2172,Nembutal Sodium,10
2173,Metoprolol Tartrate,6.11111111111111
2174,Femcon Fe,8.5
2175,Androderm,7.2
2176,Isentress,8.83333333333333
2177,Drixoral Decongestant Non-Drowsy,10
2178,Saw palmetto,5.57142857142857
2179,Elidel,7.4
2180,Entacapone,5.2
2181,Tylenol Cold,2
2182,Zegerid OTC,7.33333333333333
2183,Ex-Lax Regular Strength Pills,5
2184,Kalydeco,10
2185,Zelapar,9.5
2186,Cromolyn,8.41666666666667
2187,Kyprolis,1
2188,Acarbose,4.5
2189,Acetaminophen / caffeine / magnesium salicylate,10
2190,Chlor-Trimeton,9.36363636363636
2191,Forfivo XL,10
2192,Vitamin B2,6.5
2193,Symax Duotab,8.6
2194,Azelex,8.83333333333333
2195,Degarelix,9.25
2196,Eylea,7.09090909090909
2197,Westhroid,9.75
2198,Mucomyst-10,9
2199,Nutropin,5.5
2200,Cordran Tape,9.71428571428571
2201,Locoid Lipocream,9.2
2202,Everolimus,6.25
2203,Epzicom,10
2204,Prandin,9.2
2205,Alahist LQ,10
2206,Oxtellar XR,9
2207,Trezix,7
2208,Gynazole-1,8.5
2209,Anaprox,6.16666666666667
2210,Olysio,9.66666666666667
2211,Tylenol Allergy Multi-Symptom Nighttime,10
2212,Doxidan Tablet,10
2213,Xgeva,5.5
2214,Fosinopril,9.5
2215,Emend,9.91666666666667
2216,Terazol 3,10
2217,Nostrilla,6.4
2218,Reprexain,8.91666666666667
2219,Arava,6.5
2220,Opcicon One-Step,7.66666666666667
2221,Fenugreek,10
2222,Parafon Forte DSC,7
2223,Vagistat-1,5.6
2224,Lovastatin / niacin,10
2225,Vienva,4.61538461538462
2226,Spinosad,8.33333333333333
2227,Revia,9.28571428571429
2228,Tykerb,10
2229,Zovia 1 / 35,6.5
2230,Sodium ferric gluconate complex,5
2231,Ritalin LA,9.2
2232,Caffeine / ergotamine,9
2233,Vasotec,6
2234,Arnuity Ellipta,8.5
2235,Nateglinide,1
2236,Magnacet,9.5
2237,Hyzaar,6.8
2238,Solaraze,4.75
2239,Feosol Original,9
2240,Capzasin-P,1
2241,Anucort-HC,3.5
2242,Guaifenesin / hydrocodone,8.66666666666667
2243,Excedrin Tension Headache,9.66666666666667
2244,ActoPlus Met,7.2
2245,Actiq,9.07142857142857
2246,Belladonna / opium,9.85714285714286
2247,Triamterene,6.5
2248,Konsyl,10
2249,Miacalcin Nasal,6
2250,Zegerid,8.18181818181818
2251,Soma Compound with Codeine,9.4
2252,Cinacalcet,6.625
2253,Prosom,9
2254,Butabarbital,9
2255,Osphena,7.11111111111111
2256,Flovent HFA,7
2257,Prezista,7.66666666666667
2258,Testopel,6.5
2259,Evening Primrose Oil,8
2260,Promethazine DM,6.71428571428571
2261,Pneumococcal 23-polyvalent vaccine,2.33333333333333
2262,Noroxin,5.5
2263,Simethicone,7.4
2264,Azurette,6.86666666666667
2265,Somatropin,8.1578947368421
2266,Vanspar,1.5
2267,Aspirin / butalbital / caffeine / codeine,9.6
2268,Egrifta,6.4
2269,Apidra,10
2270,Levacet,5
2271,Dolobid,5.33333333333333
2272,Solarcaine Burn Relief,7
2273,Dasetta 7 / 7 / 7,3
2274,Aliskiren,7.375
2275,TriLyte,4
2276,Tilmanocept,10
2277,ClearLax,9.6
2278,Imodium,8.5
2279,Carbinoxamine,9.33333333333333
2280,Excedrin Quick Tab,9
2281,X-Viate,9.6
2282,Bioflavonoids / zinc glycinate,8
2283,Glucotrol,7.55555555555556
2284,Abstral,4
2285,Topicort,9
2286,TriNessa Lo,5.66666666666667
2287,Clocortolone,9.8
2288,Zirgan,7
2289,GaviLyte-C,7
2290,Didrex,8.57142857142857
2291,Doribax,10
2292,Aristospan,9
2293,Axid AR,10
2294,Azopt,1
2295,PEG-3350 with Electolytes,10
2296,Naftifine,10
2297,Prozac Weekly,8.5
2298,Dextromethorphan / promethazine,6.71428571428571
2299,Silver nitrate,10
2300,Novolin 70 / 30,7.66666666666667
2301,Ventolin,6.92307692307692
2302,Disopyramide,8.6
2303,WP Thyroid,10
2304,Chloromycetin,1
2305,Felbatol,8
2306,Xopenex HFA,9.5
2307,Insulin isophane / insulin regular,8.2
2308,Bacitracin / polymyxin b,7
2309,Norel SR,9.2
2310,Coreg CR,7.33333333333333
2311,Miglitol,10
2312,Nplate,9
2313,Advicor,10
2314,Unasyn,8
2315,Ethambutol,1
2316,Ozurdex,5.5
2317,Vosol HC,8
2318,Neo-Synephrine Nasal,10
2319,Chlorpheniramine / hydrocodone / phenylephrine,9.75
2320,Brodalumab,10
2321,Megace ES,8.16666666666667
2322,Cetuximab,6.875
2323,Rifampin,7.11111111111111
2324,Kerydin,4.5
2325,Tylenol 8 Hour,9.25
2326,Dorzolamide / timolol,5.16666666666667
2327,Odefsey,10
2328,Darunavir,7.75
2329,Atelvia,4.66666666666667
2330,Danocrine,9.5
2331,Junel 1 / 20,5.875
2332,Aristocort A,10
2333,Chlorthalidone,4.5
2334,Novolog,5.75
2335,Calmoseptine,8.5
2336,Decadron,5.84615384615385
2337,Bicillin L-A,9.25
2338,Daypro,5.75
2339,Umeclidinium,5
2340,Cylert,9.57142857142857
2341,Acetic acid / hydrocortisone,8
2342,Generlac,10
2343,Carbidopa / entacapone / levodopa,6.28571428571429
2344,Cardura,8
2345,Bimatoprost,6.75
2346,Olux,9.1
2347,Pacerone,9.5
2348,Enjuvia,7
2349,Afrin 4 Hour Extra Moisturizing,9
2350,Colyte,4
2351,Atropine / difenoxin,10
2352,Proctosol-HC,9.5
2353,Acular LS,9
2354,Remeron SolTab,8.42857142857143
2355,Kionex,8
2356,Arcalyst,10
2357,Iron polysaccharide,9.2
2358,Ornex,10
2359,Pentazocine,6.33333333333333
2360,Trelstar,5
2361,Emoquette,9
2362,Alprazolam Intensol,9.83333333333333
2363,Lumigan,6.28571428571429
2364,Norepinephrine,8
2365,Tears Again,8.5
2366,Luvox CR,8.25
2367,Vicodin HP,8
2368,Prinivil,5.77777777777778
2369,Nitrolingual Pumpspray,9
2370,Benztropine,7.5
2371,Pemetrexed,9
2372,Pulmozyme,10
2373,ConZip,9
2374,Methimazole,5.75
2375,Children's Claritin Allergy,8.33333333333333
2376,Saxagliptin,6.42857142857143
2377,Glyxambi,6.9
2378,Caltrate 600+D,9
2379,Zantac,8.34782608695652
2380,Potassium citrate,5.5
2381,Nikki,4.14285714285714
2382,Children's Motrin,9.66666666666667
2383,Migergot,10
2384,Calcitonin,4
2385,Natesto,9
2386,Ribasphere,10
2387,Unisom SleepGels,4.66666666666667
2388,Capzasin,1
2389,Hydrocodone / pseudoephedrine,8.6
2390,Olodaterol,5.5
2391,Femring,8.58823529411765
2392,Dyazide,6
2393,Amoxil,8.22222222222222
2394,Carboplatin,6.33333333333333
2395,Lapatinib,10
2396,Tri-Lo-Marzia,4.25
2397,Sulindac,8
2398,Travatan Z,10
2399,Acuvail,9
2400,Amethia Lo,5.25
2401,Hydroxyamphetamine / tropicamide,2
2402,Capsaicin / menthol / methyl salicylate,6
2403,Erythrocin,7.5
2404,Mebaral,9.75
2405,Sarna Sensitive,10
2406,Risperdal Consta,7.14285714285714
2407,E.E.S.-400,10
2408,Hydroxocobalamin,1
2409,Sipuleucel-T,6.2
2410,Acitretin,7.58333333333333
2411,Estratest H.S.,9.71428571428571
2412,Tolak,4
2413,Bethanechol,7.8
2414,Piperacillin / tazobactam,7.66666666666667
2415,Taxol,7.83333333333333
2416,Deltasone,7.42857142857143
2417,Oxaprozin,6.28571428571429
2418,Sandostatin,8
2419,Claritin,3.76470588235294
2420,Bupivacaine,8.6
2421,Chlorpheniramine / methscopolamine / pseudoephedrine,9.75
2422,Fluoride,7.77777777777778
2423,AmLactin,9.66666666666667
2424,Depo-Medrol,7.8
2425,Pexeva,9
2426,Novantrone,10
2427,Nuvessa,6.5
2428,Griseofulvin,5.45454545454545
2429,Antihemophilic factor,8.5
2430,Rosiglitazone,4.33333333333333
2431,Bosutinib,10
2432,Dapagliflozin / metformin,9.25
2433,Pyrithione zinc,9.5
2434,Tiagabine,6.25
2435,Estrace,7.57142857142857
2436,Norgesic,7.83333333333333
2437,Dilaudid-HP,7.75
2438,Lamisil AT,4.16666666666667
2439,Alka-Seltzer Plus Cold,8.5
2440,Aspirin / carisoprodol / codeine,9.4
2441,Zestoretic,8.25
2442,Eletone,1
2443,Lacrisert,7.71428571428571
2444,Flonase Sensimist,3
2445,Zebeta,3
2446,Cefepime,9
2447,Primatene,9
2448,Rajani,5.33333333333333
2449,Ivacaftor,10
2450,Norpace CR,9
2451,Flurbiprofen,7.85714285714286
2452,Antara,1
2453,Opdivo,3.64285714285714
2454,Doxorubicin,8.25
2455,Edoxaban,1
2456,Mycophenolic acid,9.5
2457,Peridex,9
2458,Septra,6.69230769230769
2459,Xalatan,8.375
2460,Ribavirin,6
2461,Eskalith,9.2
2462,Deoxycholic acid,5.5
2463,Rydapt,8
2464,Procyclidine,5
2465,Patanol,8.44444444444444
2466,Torsemide,6.25
2467,Myobloc,6.33333333333333
2468,Gris-PEG,5.75
2469,Halfan,10
2470,Lonox,10
2471,Rythmol SR,8.875
2472,Cyclafem 7 / 7 / 7,6
2473,Luxiq,9.5
2474,KneeRelief,10
2475,CamreseLo,6.83333333333333
2476,Avalide,9.6
2477,Striverdi Respimat,4
2478,Phenylephrine / pramoxine,7
2479,Cortizone-10,10
2480,Capecitabine,7.34782608695652
2481,Selexipag,4.33333333333333
2482,Aluminum hydroxide / magnesium hydroxide / simethicone,9.5
2483,Kemadrin,9.5
2484,Esterified estrogens,9.33333333333333
2485,Ascorbic acid,7
2486,Rogaine Men's Extra Strength,5
2487,Plegridy,8.5
2488,Zolpimist,6.83333333333333
2489,Zorvolex,8.15384615384615
2490,Junel Fe 24,7.5
2491,Niacin / simvastatin,6.75
2492,Children's Dimetapp Decongestant Infant,9
2493,Furadantin,10
2494,Omnaris,7.55555555555556
2495,Dextromethorphan / phenylephrine / pyrilamine,10
2496,Sublimaze,7.83333333333333
2497,Rho (d) immune globulin,4
2498,Yellow fever vaccine,5
2499,Oxydose,8
2500,Vectibix,4.5
2501,Slo-Niacin,9.5
2502,Bismuth subgallate,10
2503,Renvela,4
2504,Vospire ER,5.5
2505,Caziant,8.5
2506,Humalog KwikPen,5.66666666666667
2507,Pentoxifylline,8.5
2508,depo-subQ provera 104,5.5
2509,Ceritinib,5
2510,Diphenhydramine / ibuprofen,9
2511,Citrate of Magnesia,10
2512,Xeloda,7.3125
2513,Venofer,7.75
2514,Coricidin HBP Cold & Flu,7.66666666666667
2515,Uroxatral,5.83333333333333
2516,Cefditoren,3.5
2517,RadiaPlexRx,6.5
2518,Zantryl,10
2519,NovoLog Mix 70 / 30,10
2520,Asthmanefrin,8.14285714285714
2521,Lymphoseek,10
2522,Prometrium,8.05555555555556
2523,Ceftibuten,9.33333333333333
2524,Miltown,7
2525,Allegra-D 12 Hour,8.28571428571429
2526,Orajel,8
2527,Maxifed DM,8
2528,SalivaMAX,10
2529,Propecia,5.18181818181818
2530,Glucose,9.66666666666667
2531,Tribenzor,7.46666666666667
2532,Rythmol,6.33333333333333
2533,Tev-Tropin,6.66666666666667
2534,Cyclessa,5.16666666666667
2535,Epiduo Forte,7
2536,Lamivudine / zidovudine,7.33333333333333
2537,Cortef,9.33333333333333
2538,Trilisate,7
2539,Kerafoam,10
2540,Latisse,8.33333333333333
2541,Isoproterenol,10
2542,Factive,3.6
2543,Amikacin,4
2544,Senokot S,9.66666666666667
2545,Calcium acetate,5.5
2546,Cyclizine,7.7
2547,Jakafi,7.66666666666667
2548,Xeomin,5
2549,BenzEFoam,8
2550,Rosac,8
2551,Coagulation factor ix,7.5
2552,Olodaterol / tiotropium,7.07692307692308
2553,Flagyl IV,4.5
2554,Colace,9.5
2555,Ferrous gluconate,9.5
2556,Halaven,9.42857142857143
2557,Arixtra,8.4
2558,Kaletra,9
2559,Carmol 20,9.5
2560,Moxeza,10
2561,Navane,9.5
2562,Rowasa,7.16666666666667
2563,Motofen,10
2564,Tyvaso,8
2565,Apokyn,7.33333333333333
2566,Sinequan,9
2567,Fosamax,3
2568,Lovaza,7.8
2569,Symlin,9.66666666666667
2570,Urso,10
2571,Prevident 5000 Plus,1
2572,Salofalk,7.85714285714286
2573,Vantin,7.8
2574,Vicks Sinex 12-Hour Decongestant Nasal Spray,10
2575,Risperdal M-Tab,8
2576,Calan SR,8.375
2577,Mimvey,1
2578,Rezira,8.6
2579,AbobotulinumtoxinA,7.75
2580,Brivaracetam,4.5
2581,Stimate,10
2582,Sterapred DS,10
2583,Divigel,7
2584,Axid,10
2585,Tasimelteon,10
2586,Cyklokapron,9.5
2587,"Influenza virus vaccine, live, trivalent",3.1
2588,Accolate,10
2589,Enfuvirtide,10
2590,Pegloticase,9.75
2591,Florinef,8.2
2592,Immune globulin intravenous,9
2593,Nortrel 7 / 7 / 7,3.83333333333333
2594,Pletal,7
2595,Mevacor,6.66666666666667
2596,Zemaira,10
2597,Menopur,10
2598,Ritonavir,1
2599,Adoxa,8.75
2600,Levocarnitine,8
2601,Methylin ER,8.72727272727273
2602,Aspirin / caffeine,10
2603,Feen-A-Mint,10
2604,Coal tar,8.5
2605,Eldepryl,10
2606,ZzzQuil,2
2607,Temodar,6.85714285714286
2608,Succinylcholine,2.22222222222222
2609,Aliskiren / hydrochlorothiazide,8.5
2610,Hydrochlorothiazide / irbesartan,9.33333333333333
2611,Pemoline,9.57142857142857
2612,Triple Antibiotic,8.5
2613,Zaditor,9.66666666666667
2614,Pegaptanib,9
2615,Afinitor,6.25
2616,FiberCon,9
2617,Cobicistat / darunavir,4
2618,Calamine,9
2619,Humalog,8.8
2620,Dermatop,9.5
2621,Pramlintide,9.75
2622,Acetaminophen / phenylephrine,8
2623,CoQ10,8.2
2624,Atacand,5.6
2625,H.P. Acthar Gel,3
2626,Naftin,10
2627,Rozex,5.5
2628,Blistex,9
2629,Lactase,4.07692307692308
2630,Meprobamate,8.16666666666667
2631,Zecuity,5.5
2632,Empagliflozin / metformin,10
2633,Allergy DN PE,10
2634,Guarana,4
2635,Maprotiline,8.5
2636,FluMist,3.33333333333333
2637,Temozolomide,7.44444444444444
2638,Boudreaux Butt Paste,9.33333333333333
2639,Gastrocrom,7
2640,Levothroid,7
2641,Mylanta,10
2642,Immune globulin oral,6.55555555555556
2643,EContra EZ,4.2
2644,Humatrope,8.83333333333333
2645,Docusate,6.66666666666667
2646,Ruconest,10
2647,Roxicodone Intensol,10
2648,Ovace Plus,10
2649,Turmeric,9.6
2650,Haldol Decanoate,8
2651,Firmagon,9.25
2652,Clinpro 5000,10
2653,Isocarboxazid,9
2654,Limbitrol,9.5
2655,Zenzedi,8.5
2656,Cutar,8
2657,Lorcet 10 / 650,8.46153846153846
2658,Sectral,9.5
2659,Biltricide,3
2660,Nor-QD,4
2661,Targiniq ER,8
2662,Tafinlar,9
2663,HC-Derma-Pax,10
2664,Oxaliplatin,6
2665,Hydrochlorothiazide / spironolactone,9.5
2666,Capzasin-HP,5.75
2667,Acthar,7.83333333333333
2668,Heather,8.6
2669,Loestrin Fe 1.5 / 30,8
2670,Retisert,10
2671,Lopinavir / ritonavir,8.66666666666667
2672,Catapres-TTS,7.75
2673,Docetaxel,4.57142857142857
2674,Urso Forte,10
2675,Comtan,4.75
2676,Namenda XR,4
2677,Aluminum hydroxide / magnesium trisilicate,6.6
2678,Ephedrine / guaifenesin,9.375
2679,MCT,2
2680,Maraviroc,7
2681,Gablofen,6
2682,Cardizem LA,5
2683,Cholecalciferol,6.2
2684,Tafluprost,8.4
2685,Granisetron,9.33333333333333
2686,Gilotrif,10
2687,Emla,8.6
2688,Colchicine / probenecid,7
2689,Anexsia,9
2690,Cerezyme,9
2691,Fondaparinux,8.4
2692,Septra DS,6.26315789473684
2693,Robitussin CoughGels Long-Acting,6
2694,HyoMax SL,6
2695,Zymine,10
2696,Ascomp with Codeine,10
2697,Prefrin,10
2698,Verdeso,9.66666666666667
2699,Nitro-Dur,1
2700,Bumex,8.5
2701,Aspirin / caffeine / salicylamide,9.6
2702,Pemirolast,5.5
2703,Topiragen,9
2704,Diflunisal,7.16666666666667
2705,Acetohydroxamic acid,9
2706,Penlac,8
2707,Butalbital Compound,9.27272727272727
2708,Cyclopentolate,4
2709,Hi-Vegi-Lip,9
2710,Zovirax Ointment,9.16666666666667
2711,Bontril PDM,6.75
2712,Victrelis,10
2713,Gildess 24 Fe,4
2714,Omacor,9
2715,Epitol,7.5
2716,Ultravate,9.33333333333333
2717,Menthol,9
2718,Scullcap,9
2719,Rheumatrex Dose Pack,2
2720,Mepivacaine,4.5
2721,Effient,7.53846153846154
2722,Atazanavir,10
2723,WinRho SDF,4
2724,Intal Inhaler,10
2725,Riluzole,7.5
2726,Dibucaine,9.66666666666667
2727,Simeprevir,9.66666666666667
2728,Glimepiride / pioglitazone,10
2729,Diphenidol,10
2730,Perforomist,8
2731,Meperidine / promethazine,9.33333333333333
2732,Prinzide,8
2733,Daraprim,10
2734,Diphenhydramine / hydrocortisone,10
2735,Xtandi,1
2736,Loteprednol,6.83333333333333
2737,A + D Cracked Skin Relief,10
2738,Aygestin,6
2739,Mepron,1
2740,Lotensin,5
2741,Talwin,5.66666666666667
2742,RectiCare,5.75
2743,Monovisc,6.33333333333333
2744,Alcortin A,8.5
2745,Rea Lo 40,10
2746,Stalevo 200,9
2747,Acetaminophen / pseudoephedrine,10
2748,Fosfomycin,7
2749,Marplan,9
2750,Vicks Nyquil D Cold and Flu Nighttime Relief,8.2
2751,Fabior,9
2752,Arginine,9.4
2753,Aloe vera / hydrocortisone / iodoquinol,8.5
2754,Trocaine,9
2755,PanOxyl,9.6
2756,Hydrochlorothiazide / moexipril,8
2757,Sudafed PE Severe Cold,5
2758,Benzoyl peroxide / hydrocortisone,10
2759,Paromomycin,7.33333333333333
2760,Pentothal,8
2761,Oruvail,10
2762,Tiger Balm,6.5
2763,Electrolyte replacement solutions,9
2764,Nalfon,8
2765,Hyaluronidase,10
2766,Pindolol,3
2767,Qudexy XR,4.66666666666667
2768,Ingenol,8.66666666666667
2769,Avita,10
2770,Alyacen 1 / 35,4.14285714285714
2771,Lanacane,8
2772,Magnesium gluconate,10
2773,Levo-T,8
2774,Povidone iodine,5.5
2775,Linagliptin / metformin,7.375
2776,Lioresal Intrathecal,4.66666666666667
2777,Neevo DHA,10
2778,Meperitab,9.66666666666667
2779,Phenohytro,1
2780,Combivent Respimat,3.88888888888889
2781,Darvocet-N 50,6.5
2782,Oxiconazole,9
2783,Copegus,8
2784,Rasagiline,6.14285714285714
2785,Penlac Nail Lacquer,6
2786,Allantoin / camphor / phenol,9
2787,Pravachol,6.14285714285714
2788,Unithroid,6.66666666666667
2789,Belviq XR,8.75
2790,ProCentra,10
2791,Altoprev,9.5
2792,Elimite,6.5
2793,Acetaminophen / pentazocine,8.5
2794,Maxzide,9.25
2795,Quibron-T,1
2796,Cefazolin,1
2797,Calan,10
2798,Sodium hypochlorite,10
2799,Stavzor,10
2800,Zicam Extreme Congestion Relief,10
2801,Ginkgo,6
2802,Biotene Mouthwash,5.5
2803,Juleber,6
2804,Elestat,9
2805,Mellaril,10
2806,CombiPatch,7.125
2807,T-Diet,10
2808,Salsalate,6.33333333333333
2809,Diosmiplex,9
2810,Excedrin Sinus Headache,10
2811,Bendamustine,9.25
2812,Coal tar / salicylic acid / sulfur,9
2813,Sular,1
2814,Cabozantinib,1
2815,Westcort,10
2816,Glucosamine,10
2817,Spectazole,9.66666666666667
2818,Buckleys Mixture,7.5
2819,Uniphyl,9.33333333333333
2820,Nupercainal,9.6
2821,Psorcon E,9
2822,Erbitux,6.875
2823,Acetaminophen / dextromethorphan / phenylephrine,9
2824,Dilt-XR,10
2825,Acetaminophen / dextromethorphan / doxylamine / pseudoephedrine,8.2
2826,EpiPen,10
2827,Hylira,10
2828,Myleran,10
2829,Chlorpheniramine / methscopolamine / phenylephrine,8.8
2830,HyoMax SR,8
2831,Stivarga,5.5
2832,Advate,9
2833,Iclusig,3
2834,Rufinamide,10
2835,Fexmid,5.75
2836,Mephyton,10
2837,Pulmicort Flexhaler,6.8
2838,Symmetrel,6.5
2839,Boceprevir,10
2840,Corn Huskers Lotion,10
2841,Capsin,1
2842,Phytonadione,10
2843,Retin A Micro,8.33333333333333
2844,Tylenol with Codeine,8.5
2845,Botulinum toxin type b,6.33333333333333
2846,Neostigmine,10
2847,Darvocet A500,6
2848,Drixoral Cold / Flu,10
2849,Gadavist,1
2850,Valdecoxib,9.77777777777778
2851,Naropin Polyamp,1
2852,Alavert,10
2853,Collagenase,7
2854,Savaysa,1
2855,Humatin,2
2856,Vasodilan,9
2857,Viekira Pak,6.5
2858,Nasacort AQ,9.66666666666667
2859,Verelan,8.5
2860,Flanax Pain Reliever,10
2861,Paclitaxel protein-bound,7.8
2862,Hyoscyamine / methenamine / methylene blue / sodium biphosphate,9
2863,Raloxifene,5.8
2864,Polocaine,8
2865,Ludiomil,9.5
2866,Vusion,10
2867,Avandamet,6
2868,Quazepam,9.5
2869,Dexamethasone / tobramycin,7.33333333333333
2870,Pomalyst,10
2871,Ionamin,7.625
2872,Aquoral,1
2873,Solarcaine First Aid Medicated Spray,10
2874,Rifadin,10
2875,Folic acid,9
2876,Bupap,8.5
2877,Norgesic Forte,8.5
2878,Depakene,5
2879,Wera,7
2880,Antivert,6.125
2881,Pro-Den Rx,1
2882,Chlorothiazide,10
2883,M-Zole 3,1
2884,Monopril,9
2885,Cholestyramine Light,9.5
2886,Vitamin e,5.25
2887,Rayos,9.5
2888,Zosyn,8
2889,Tussigon,10
2890,Cilostazol,7.8
2891,Abraxane,7.5
2892,Maxichlor PSE DM,10
2893,Timoptic,4
2894,Aspirin / diphenhydramine,9
2895,Taztia XT,9
2896,MVI Adult,1
2897,Aloe vera,10
2898,Junel 1.5 / 30,4.6
2899,Zylet,8.4
2900,Benzamycin,7.66666666666667
2901,Sodium chloride,4.6
2902,Onzetra Xsail,5.5
2903,Brompheniramine / pseudoephedrine,8.2
2904,Lactaid,5.16666666666667
2905,Lamivudine,9
2906,Procardia XL,5.66666666666667
2907,Etravirine,8
2908,Horse chestnut,9
2909,Norvir,1
2910,Triavil,9.5
2911,Clindagel,10
2912,Pancreatin,9
2913,Dolgic Plus,8.42857142857143
2914,Caverject Impulse,9.33333333333333
2915,Procardia,7.2
2916,Zenchent,8
2917,Clinoril,9.25
2918,Danazol,8
2919,Natelle One,10
2920,Blisovi Fe 1.5 / 30,6
2921,ProAmatine,7
2922,Bioflavonoids,7.375
2923,Metformin / pioglitazone,7.2
2924,Auranofin,10
2925,Dulcolax Stool Softener,5
2926,Duoplant,9
2927,Tolmetin,8.5
2928,Chlophedianol / guaifenesin / pseudoephedrine,9
2929,Questran,7.75
2930,Metformin / rosiglitazone,6
2931,Cortenema,4
2932,Aerobid-M,10
2933,Blephamide,10
2934,Nizoral A-D,5.5
2935,Zostavax,5.5
2936,Kybella,5.5
2937,Chloraseptic Sore Throat Spray,3.75
2938,Soriatane,7.57142857142857
2939,Sinemet CR,7.5
2940,Fluzone,2
2941,Alemtuzumab,8.75
2942,Afrin Sinus,8
2943,Royal jelly,10
2944,Asendin,10
2945,Omnitrope,10
2946,Bifidobacterium infantis / lactobacillus acidophilus,8.33333333333333
2947,Adempas,1
2948,Lamictal XR,8.5
2949,Elinest,10
2950,Trandolapril / verapamil,9.4
2951,Azasite,3.33333333333333
2952,Nifedical XL,5.25
2953,Ditropan XL,9
2954,Quinidine,8
2955,Tagamet,9
2956,Citric acid / potassium citrate,10
2957,Advil PM,9
2958,Urecholine,9
2959,Coenzyme Q10,9
2960,Concept DHA,10
2961,Ery-Tab,7
2962,Prednisolone / sulfacetamide sodium,10
2963,Combigan,6.90909090909091
2964,SymlinPen 60,10
2965,Enstilar,4
2966,Lecithin,9.5
2967,Mucinex Fast-Max Night Time Cold & Flu,5
2968,Canasa Pac,5
2969,Conestat alfa,10
2970,Zejula,1
2971,Amlodipine / hydrochlorothiazide / valsartan,9.75
2972,Cladribine,10
2973,Lopid,9.66666666666667
2974,Nitrostat,9
2975,Sulfur,10
2976,Mestinon Timespan,9.66666666666667
2977,Pirmella 1 / 35,1
2978,Norinyl 1+35,10
2979,Methylcellulose,7.66666666666667
2980,Pamine,9
2981,Maxidex,6
2982,Hemax,8
2983,Trastuzumab,9.75
2984,Butoconazole,8.5
2985,Amikin,1
2986,BroveX PEB DM,2
2987,Cytoxan,9.8
2988,Duramorph,5
2989,Dostinex,8.625
2990,Estratest,10
2991,Tronolane Anesthetic for Hemorrhoids,10
2992,Bacitracin / neomycin / polymyxin b / pramoxine,10
2993,Pralatrexate,1
2994,Maxair Autohaler,7.66666666666667
2995,Abacavir / lamivudine / zidovudine,9
2996,Gammagard,7
2997,Ziconotide,3
2998,Alogliptin,4
2999,Glutamine,5.5
3000,Naloxone / oxycodone,4.5
3001,Besifloxacin,7.5
3002,Pennyroyal,7
3003,Kytril,8.5
3004,L-Methylfolate Calcium,10
3005,Vanquish,10
3006,Topical Anesthetic Dental Gel,1
3007,Systane Balance,9.66666666666667
3008,Nizoral Shampoo,5
3009,Rebetol,5.5
3010,Sodium bicarbonate,10
3011,Adriamycin,7.66666666666667
3012,Ecallantide,10
3013,Lipofen,8.5
3014,Ethosuximide,9.14285714285714
3015,InnoPran XL,9.5
3016,Cleocin HCl,8.33333333333333
3017,Gemzar,7.25
3018,Pentobarbital,10
3019,PreNexa,9.5
3020,Prednicarbate,9.5
3021,Intermezzo,9.66666666666667
3022,Sudafed Congestion,8.16666666666667
3023,Bromfenac,7.5
3024,Diastat,8.5
3025,Belladonna Tincture,1
3026,Dynacin,8
3027,C1 esterase inhibitor (human),8.6
3028,Antihemophilic factor / von willebrand factor,10
3029,Dexpanthenol,10
3030,Ampicillin,10
3031,Myfortic,9.33333333333333
3032,Raspberry,9
3033,Caduet,9.5
3034,Besivance,7.5
3035,Hypotears,10
3036,Alupent,9.5
3037,Lamictal ODT,9
3038,Paremyd,2
3039,Brompheniramine / dextromethorphan / phenylephrine,1.25
3040,Arsenic trioxide,9
3041,Constulose,10
3042,Xartemis XR,7.5
3043,Compoz Nighttime Sleep Aid,9
3044,Panitumumab,3.33333333333333
3045,Reserpine,9.66666666666667
3046,Nepafenac,6.75
3047,Amino acids,9
3048,Niraparib,1
3049,Pregnyl,9.5
3050,Larin 24 Fe,1
3051,Gadopentetate dimeglumine,1
3052,Vivaglobin,9.5
3053,Ogen,10
3054,Fuzeon,10
3055,Ketalar,10
3056,Dichlorphenamide,9
3057,Rilonacept,10
3058,Clove,10
3059,Prevacid SoluTab,1
3060,DuoNeb,9.5
3061,Sodium polystyrene sulfonate,8
3062,PEG3350,8.5
3063,Osteo Bi-Flex,9
3064,Gildess 1 / 20,4.33333333333333
3065,Semprex-D,10
3066,B3-500-Gr,10
3067,Istalol,10
3068,Trandolapril,2
3069,Tiazac,10
3070,Capmist DM,10
3071,AirDuo Respiclick,9
3072,Delzicol,7.8
3073,Declomycin,9
3074,OxyIR,8
3075,Vesanoid,8
3076,Nevirapine,6
3077,Fortamet,10
3078,Acetaminophen / caffeine / pyrilamine,5
3079,TheraTears Nutrition,1
3080,Bosentan,9.5
3081,Pyrimethamine / sulfadoxine,10
3082,Phenytek,9.66666666666667
3083,Readi-Cat 2,1
3084,Loracarbef,9
3085,Lescol,9
3086,Dysport,7.75
3087,Accupril,5
3088,Dramamine II,9
3089,Unisom SleepMelts,9
3090,Humate-P,10
3091,Mucomyst,7
3092,Duet DHA,8
3093,Viramune,4.5
3094,Aloxi,10
3095,Sertaconazole,10
3096,Maxidone,10
3097,Afrin Original,3.66666666666667
3098,All Day Allergy,9
3099,Anaprox-DS,7
3100,Nutraplus,9
3101,Dramamine Less Drowsy,9.5
3102,FML Forte Liquifilm,7
3103,Oxymetholone,10
3104,Limbrel 500,8
3105,Insulin lispro / insulin lispro protamine,8
3106,Bosulif,10
3107,Fleet Glycerin Suppositories Adult,10
3108,Molindone,9
3109,Aveeno,4.5
3110,Insulin aspart / insulin aspart protamine,10
3111,Xigduo XR,9.25
3112,Tracleer,9.5
3113,Podophyllum resin,7
3114,Synalar,10
3115,Blistex Lip Balm,1
3116,Zinc sulfate,9
3117,Pepcid,7.33333333333333
3118,Damiana,10
3119,Neoral,9.66666666666667
3120,Ofloxacin,6.83333333333333
3121,ProFe,10
3122,Compro,10
3123,Twynsta,8.83333333333333
3124,Primlev,9
3125,Tandem DHA,9
3126,Amiloride,2
3127,Loestrin 21 1.5 / 30,3
3128,Uroqid-Acid No2,10
3129,Plendil,9.5
3130,Glucovance,8
3131,Qualaquin,9.5
3132,Alsuma,10
3133,Miacalcin,1
3134,Tapazole,10
3135,CitraNatal Assure,9.5
3136,Nizoral Topical,10
3137,Halog,9
3138,Triprolidine,10
3139,Acticlate,8.33333333333333
3140,Piperonyl butoxide / pyrethrins,5
3141,Methacholine,7
3142,Ferrous fumarate,10
3143,Normodyne,7
3144,CaloMist,10
3145,Ridaura,10
3146,Liquid Co-Q10,10
3147,Lithostat,9
3148,Diphenhydramine / pseudoephedrine,9
3149,Bortezomib,9.5
3150,Remodulin,4
3151,Epinastine,9
3152,Corgard,9.25
3153,Brompheniramine / codeine / phenylephrine,10
3154,Ferumoxytol,10
3155,Aventyl Hydrochloride,3
3156,Lincomycin,10
3157,Gelusil,9
3158,Picato,8.66666666666667
3159,Platinol,10
3160,Nolvadex,5.5
3161,Velphoro,4
3162,Anturol,3
3163,Gildess 1.5 / 30,5.5
3164,Ferralet 90,10
3165,Imotil,8
3166,Penicillamine,8
3167,Captopril,9.33333333333333
3168,Glatopa,4.33333333333333
3169,Medium chain triglycerides,2
3170,Dantrolene,10
3171,Thiopental,8
3172,Oxyfast,10
3173,Dorzolamide,7.4
3174,Irinotecan,5
3175,Nexium IV,8
3176,DDAVP Nasal,9
3177,Nedocromil,10
3178,Levodopa,8
3179,Vemurafenib,6.25
3180,Ergomar,9
3181,Terazol,7.66666666666667
3182,Nabilone,7
3183,Ala-Quin,10
3184,Acetaminophen / dextromethorphan / doxylamine,10
3185,Omnipaque 350,7
3186,Brethine,7
3187,Vontrol,10
3188,Ivabradine,10
3189,Midol PM,8.5
3190,Sulfatrim,10
3191,Vincristine,8.33333333333333
3192,Phillips Colon Health,8
3193,BeneFix,6
3194,Moban,9
3195,DermaZinc Shampoo,10
3196,Proferrin-ES,7.66666666666667
3197,Lillow,5
3198,Beconase AQ,5
3199,Nitro-Bid,10
3200,Philith,1
3201,LMX 4,1
3202,Goody's Headache Powders,10
3203,Vicks QlearQuil Nighttime Allergy Relief,1
3204,Visine Original,10
3205,Polytrim,9
3206,Niferex,8.66666666666667
3207,Cinqair,8
3208,Sudafed 24-Hour,6.5
3209,Aloprim,9.5
3210,Pepcid AC Chewable Tablets,9.5
3211,Corzide 80 / 5,10
3212,Salicylic acid / urea,10
3213,Enulose,9.5
3214,Leukeran,8.66666666666667
3215,IncobotulinumtoxinA,5
3216,Lazanda,10
3217,Meningococcal group B vaccine,7
3218,Renagel,7
3219,Aleve-D Sinus & Cold,9
3220,Ergotamine,6.33333333333333
3221,Fludara,6
3222,Mycelex Troche,5.75
3223,Rhinocort,9.66666666666667
3224,Zyrtec-D 12 Hour,10
3225,Acetaminophen / diphenhydramine / phenylephrine,6.25
3226,Briellyn,4
3227,Vicks Formula 44,5
3228,"Rabies vaccine, human diploid cell",10
3229,Feverall,10
3230,Calcium carbonate / simethicone,10
3231,Ropivacaine,1
3232,Nucala,6.4
3233,Afatinib,7.5
3234,Schiff Move Free,5
3235,Goldenseal,10
3236,Salvax Duo,10
3237,Tetracaine,10
3238,Myorisan,8.5
3239,Dexpak Taperpak,10
3240,Dehydroepiandrosterone,8
3241,Proscar,6
3242,Probenecid and Colchicine,7
3243,Benzyl alcohol,8
3244,Theo-24,9.5
3245,Tenoretic 50,9
3246,Glipizide / metformin,3.5
3247,Mandelamine,9.5
3248,Claritin-D 24 Hour,6.4
3249,Phosphasal,10
3250,Dantrium,10
3251,Nuwiq,8
3252,Fast Freeze,8
3253,Mebendazole,1
3254,Moexipril,8
3255,Salivart,10
3256,Cisplatin,10
3257,Trelstar LA,8
3258,Refresh Liquigel,1
3259,Palgic,9
3260,Absorbine Jr.,10
3261,Zurampic,10
3262,Azo-Cranberry,9.5
3263,Rilutek,9
3264,Azasan,7
3265,Peginterferon beta-1a,8.5
3266,"Hair, Skin & Nails",3
3267,Panhematin,10
3268,Enemeez Mini,9
3269,Brinzolamide,1
3270,Cytotec,9.5
3271,Floxin,10
3272,Halcinonide,9.33333333333333
3273,Selzentry,7
3274,Mekinist,9
3275,Cefotaxime,10
3276,NuLYTELY,4.66666666666667
3277,Acetic acid,6
3278,Paraplatin,9
3279,Vaprisol,9
3280,Robitussin Cold Cough and Flu,10
3281,Phentride,8
3282,Artemether / lumefantrine,9.66666666666667
3283,Rolapitant,10
3284,Gemcitabine,7.25
3285,Azo Urinary Pain Relief,6
3286,Ganciclovir,7
3287,Filgrastim,10
3288,Bendroflumethiazide / nadolol,10
3289,Faslodex,6.4
3290,Micrainin,10
3291,Epidrin,7.33333333333333
3292,Cranberry,9.66666666666667
3293,Hydrocortone,8
3294,Emtricitabine / rilpivirine / tenofovir alafenamide,10
3295,Torisel,9
3296,Diphenhydramine / phenylephrine,10
3297,Cesamet,5.5
3298,Citric acid / simethicone / sodium bicarbonate,10
3299,Lanthanum carbonate,5.5
3300,Atrovent HFA,7
3301,Halog-E,10
3302,Dong quai,1
3303,Infumorph,9
3304,Sumadan,8
3305,Chloramphenicol,5.5
3306,Vitapap,10
3307,Mumps virus vaccine,4
3308,Enzalutamide,1
3309,Cosamin DS,1
3310,Nesina,4
3311,Isradipine,5
3312,Epivir,10
3313,Indapamide,8
3314,Dicloxacillin,7
3315,Flonase Allergy Relief,1
3316,Lanolin,10
3317,Nytol,6.5
3318,Demeclocycline,7.66666666666667
3319,Peri-Colace,10
3320,Alamast,5.5
3321,Vancocin,7
3322,Menest,9
3323,Mucinex Sinus-Max Full Force,10
3324,Glumetza,10
3325,Hyalgan,1
3326,Nilstat,9
3327,Alimta,8
3328,Conivaptan,9
3329,Cytra-K,10
3330,Inspra,10
3331,Hemin,10
3332,Flibanserin,5.25
3333,Melpaque HP,1
3334,Cortisone,4
3335,Reyataz,10
3336,Provida DHA,7
3337,Striant,7
3338,Bivalirudin,10
3339,Qutenza,1
3340,Hepatitis b adult vaccine,1
3341,Benemid,10
3342,Gadobutrol,1
3343,Meropenem,8
3344,Leader Nicotine Polacrilex,2
3345,Bayer Children's Aspirin,10
3346,Methyltestosterone,10
3347,Mitoxantrone,10
3348,Micon 7,6
3349,Hair Regrowth Treatment for Women,1
3350,Sulfinpyrazone,9
3351,Tobrex,10
3352,Imiglucerase,9
3353,Isoxsuprine,9.5
3354,Cubicin,10
3355,Hecoria,10
3356,Medrol,7.6
3357,IBU,10
3358,Aspirin / chlorpheniramine / phenylephrine,8
3359,Auryxia,5.5
3360,Otrexup,9
3361,Isosorbide dinitrate,5
3362,Integra F,9
3363,Vivactil,9
3364,L-Carnitine,8
3365,Orvaten,9
3366,EnLyte,1
3367,Proctofoam HC,9.66666666666667
3368,Ex-Lax Maximum Relief Formula,2
3369,Tandem,10
3370,Norditropin,10
3371,Fragmin,10
3372,Wal-finate,9
3373,D3,10
3374,Purinethol,10
3375,Tums Smoothies,1
3376,Phentercot,9.5
3377,Ipratropium Inhalation Solution,10
3378,Senna Lax,1
3379,Afrin NoDrip Sinus,5
3380,Skeeter Stik,10
3381,Iohexol,7
3382,Atropine,3
3383,Nevanac,7
3384,Melquin HP,2
3385,Praziquantel,5
3386,Desyrel Dividose,8
3387,Norfloxacin,5.5
3388,Nasarel,9
3389,M-End PE,10
3390,Maxair,9
3391,Potassium iodide,10
3392,Uta,9
3393,Creatine,4
3394,Ed A-Hist,10
3395,Mirapex ER,8.5
3396,Protriptyline,9
3397,Octagam,8
3398,Acetaminophen / pamabrom / pyrilamine,9
3399,Altretamine,5
3400,Pedi-Dri,8
3401,Topicort LP,10
3402,Travel-Eze,10
3403,Lincocin,10
3404,Avar LS Cleanser,10
3405,Diprolene AF,9
3406,Niacinamide,2
3407,Ciclodan,10
3408,Bexarotene,9.5
3409,Readi-Cat,8
3410,Betapace AF,1
3411,Diurex Water Capsules,1
3412,Xiaflex,5
3413,Alefacept,10
3414,FluMist Quadrivalent,1
3415,Vivelle,10
3416,Introvale,8
3417,Acyclovir / hydrocortisone,10
3418,Co-trimoxazole,8
3419,Attapulgite,10
3420,Inulin,5
3421,Privigen,10
3422,Lotrimin AF Athlete's Foot Powder,9
3423,Vanatrip,7
3424,Natpara,8
3425,Mexitil,6.5
3426,HyoMax,8
3427,Bee pollen,10
3428,Glecaprevir / pibrentasvir,10
3429,Marcaine,8
3430,Femtrace,10
3431,Brimonidine / brinzolamide,9.66666666666667
3432,Gengraf,10
3433,Acebutolol,9.5
3434,Mavyret,10
3435,Pancreaze,9
3436,Smoothie Readi-Cat 2,3
3437,Olux-E,10
3438,Oxy-10,10
3439,Norlyda,6
3440,Eurax,9.5
3441,Menactra,1
3442,Mucinex Maximum Strength,6.5
3443,Talacen,8.5
3444,BiDil,9
3445,Terazol 7,5.5
3446,Cetaphil Lotion,1
3447,Aricept ODT,9.5
3448,Doc-Q-Lax,8
3449,Dazidox,10
3450,Aquavite-E,1
3451,Embeline,8
3452,Prolastin-C,10
3453,Alogliptin / metformin,1
3454,Azulfidine,3
3455,Cuvitru,9
3456,Vitamin C,10
3457,Alphanine SD,9
3458,Busulfan,10
3459,Lagesic,8
3460,Cheratussin DAC,2
3461,Ampicillin / sulbactam,8
3462,Avar,10
3463,Clioquinol / hydrocortisone,10
3464,Lorcet,10
3465,Lorabid,9
3466,Fostex Medicated,10
3467,Estrasorb,7
3468,Nisoldipine,1
3469,Ethacrynic acid,8
3470,Bag Balm,8
3471,Hexalen,5
3472,Camptosar,5
3473,Fortical,1
3474,Cerefolin NAC,10
3475,Nexium 24HR,10
3476,Humalog Mix 75 / 25,9.5
3477,Dexchlorpheniramine / dextromethorphan / pseudoephedrine,9
3478,Pomalidomide,10
3479,Headache Relief PM,6
3480,Pyrimethamine,10
3481,Zinc gluconate,7
3482,Tylenol Arthritis Pain,9
3483,Pima,10
3484,Necitumumab,10
3485,PanOxyl 10% Acne Foaming Wash,10
3486,Novolin N,10
3487,Reese's Pinworm Medicine,1
3488,Polysporin First Aid Antibiotic Ointment,5.5
3489,Diprosone,10
3490,Vancocin HCl,10
3491,Pyridoxine,9
3492,Dabrafenib,9
3493,Benzalkonium chloride / lidocaine,10
3494,Zetran,10
3495,Dalteparin,10
3496,Glyset,10
3497,Leustatin,10
3498,Ifosfamide,10
3499,Zeasorb-AF Drying Gel,10
3500,BP Wash,9
3501,Fansidar,10
3502,Allegra ODT,10
3503,Verelan PM,9.5
3504,Labetalol,7
3505,Vitafol-OB+DHA,10
3506,Romidepsin,1
3507,Belladonna,1
3508,Velcade,9.5
3509,Methenamine / sodium acid phosphate,10
3510,Lanoxicaps,10
3511,Bacitracin,1
3512,LMX 5,9
3513,Sudafed PE Pressure + Pain,4
3514,Anusol-HC Suppositories,1
3515,Juvederm Voluma XC,7
3516,Zyprexa Intramuscular,8
3517,Trametinib,9
3518,Macugen,9
3519,Vanatab DX,9
3520,Ifex,10
3521,Resorcinol / sulfur,10
3522,Phrenilin,10
3523,Vicks Dayquil Cold & Flu Relief,10
3524,Vincasar PFS,10
3525,Phenylephrine / pyrilamine,10
3526,Slippery elm,10
3527,Rayaldee,10
3528,OB Complete Gold,2
3529,Varubi,10
3530,RID,5
3531,Benadryl Allergy Sinus,9
3532,Cometriq,1
3533,Temsirolimus,9
3534,Proglycem,9
3535,Doculax,2
3536,Diastat AcuDial,5
3537,Alka-Seltzer Plus Cold Formula Sparkling Original Effervescent Tablets,8
3538,Trixaicin HP,9
3539,Advil Migraine,9
3540,Gramicidin / neomycin / polymyxin b,1
3541,Optivar,10
3542,Betadine Aerosol Spray,1
3543,Oasis Tears,2
3544,Scytera,10
3545,Prednicot,10
3546,Augmentin ES-600,4.5
3547,Pernox,10
3548,Isoptin SR,10
3549,Todays Health Nasal  Relief Extra Moisturizing,10
3550,Palladone,10
3551,Methitest,10
3552,Peganone,1
3553,Acetic acid / antipyrine / benzocaine / polycosanol,10
3554,Mifepristone,7
3555,Istodax,1
3556,Stalevo 150,5
3557,Hydralazine / hydrochlorothiazide / reserpine,3
3558,Dimethyl sulfoxide,10
3559,Triple Paste,10
3560,Daptomycin,10
3561,Azmacort,10
3562,Prax,8
3563,Devrom,10
3564,Psorcon,10
3565,Palonosetron,10
3566,Zostrix Diabetic Foot Pain,1
3567,Fallback Solo,8
3568,Capex,10
3569,Loratadine-D 24 Hour,10
3570,Depakote Sprinkles,9
3571,Refresh PM,10
3572,Cholecalciferol / folic acid,5
3573,Larissia,4
3574,Insta-Glucose,9
3575,Integra,10
3576,Eskalith-CR,10
3577,Clioquinol,10
3578,Clarinex-D 12 Hour,9
3579,Zyloprim,9
3580,Prevacid OTC,8
3581,Provocholine,7
3582,Virtussin A / C,1
3583,Magnevist,1
3584,Maxitrol,10
3585,Razadyne ER,10
3586,Calcifediol,10
3587,Kazano,1
3588,Cepacol Dual Relief Sore Throat,9
3589,Reslizumab,8
3590,Crinone,4
3591,Valcyte,8
3592,Dornase alfa,10
3593,Mucinex DM Maximum Strength,2
3594,Polidocanol,3.5
3595,Alka-Seltzer Cold and Sinus,10
3596,Desonate,10
3597,Trizivir,9
3598,Regimex,7
3599,Fluvastatin,9
3600,Cleocin Ovules,9.5
3601,Jantoven,9
3602,Sudafed 12-Hour,9
3603,Epivir-HBV,10
3604,Codeine / guaifenesin / pseudoephedrine,2
3605,Vitamin B6,9
3606,Timoptic Ocudose,7
3607,Trokendi XR,10
3608,Ibudone,7
3609,Nafarelin,8.5
3610,Ovidrel,10
3611,Dasetta 1 / 35,3
3612,ReliOn / Novolin 70 / 30,9
3613,Ery Pads,10
3614,Uniretic,8
3615,Hydrocortisone / lidocaine,9
3616,Tetrahydrozoline,10
3617,Vasculera,9
3618,Diazoxide,9
3619,Benzoyl peroxide / salicylic acid,8
3620,Xodol,10
3621,Retre-Gel,10
3622,Fletchers Castoria,10
3623,Pedipirox-4,3
3624,PR Natal 400,9
3625,Saizen,9
3626,Alocril,10
3627,Innohep,10
3628,Fluoridex,10
3629,Actonel with Calcium,3
3630,Aller-Ease,1
3631,Treanda,9
3632,Fludarabine,6
3633,BC Fast Pain Relief,10
3634,Ulesfia,8
3635,Carfilzomib,1
3636,Senexon,6
3637,Naproxen / pseudoephedrine,9
3638,Ethchlorvynol,10
3639,Senna S,6
3640,Ferrlecit,5
3641,Plexion Cleanser,9
3642,Dexasone,10
3643,Proleukin,10
3644,Sensorcaine-MPF,10
3645,Medi-Quik Spray,10
3646,Streptokinase,10
3647,Hydralazine / isosorbide dinitrate,9
3648,Butisol Sodium,9
3649,PhosLo,8
3650,Peppermint,10
3651,Midostaurin,8
3652,Calcium / vitamin d,9
3653,Calcium carbonate / risedronate,3
3654,Riociguat,1
3655,Clemastine,10
3656,Valganciclovir,8
3657,Urised,9
3658,Folotyn,1
3659,Amevive,10
3660,Mylanta Gas,3
3661,Midol Extended Relief,10
3662,Desloratadine / pseudoephedrine,9
3663,Extina,10
3664,Zileuton,1
3665,Midamor,1
3666,Oxytocin,10
3667,Iluvien,10
3668,Mavik,2
3669,Aldomet,3
3670,Grifulvin V,8
